N;Fecha;0;1;2;3;4
4;16/04/2018 16:00;22.0;219.836.155.106;220.486.778.846;248.100.871.731;244.962.080.173
5;16/04/2018 17:00;219.836.155.106;220.486.778.846;248.100.871.731;244.962.080.173;24.511.375.948
6;16/04/2018 18:00;220.486.778.846;248.100.871.731;244.962.080.173;24.511.375.948;245.517.615.176
7;16/04/2018 19:00;248.100.871.731;244.962.080.173;24.511.375.948;245.517.615.176;247.576.086.957
8;16/04/2018 20:00;244.962.080.173;24.511.375.948;245.517.615.176;247.576.086.957;247.239.498.091
9;16/04/2018 21:00;24.511.375.948;245.517.615.176;247.576.086.957;247.239.498.091;247.650.933.041
10;16/04/2018 22:00;245.517.615.176;247.576.086.957;247.239.498.091;247.650.933.041;246.641.053.787
11;16/04/2018 23:00;247.576.086.957;247.239.498.091;247.650.933.041;246.641.053.787;24.757.127.193
12;17/04/2018 0:00;247.239.498.091;247.650.933.041;246.641.053.787;24.757.127.193;246.197.718.631
13;17/04/2018 1:00;247.650.933.041;246.641.053.787;24.757.127.193;246.197.718.631;246.933.115.824
14;17/04/2018 2:00;246.641.053.787;24.757.127.193;246.197.718.631;246.933.115.824;249.253.405.995
15;17/04/2018 3:00;24.757.127.193;246.197.718.631;246.933.115.824;249.253.405.995;249.296.619.411
16;17/04/2018 4:00;246.197.718.631;246.933.115.824;249.253.405.995;249.296.619.411;248.431.372.549
17;17/04/2018 5:00;246.933.115.824;249.253.405.995;249.296.619.411;248.431.372.549;24.973.827.699
18;17/04/2018 6:00;249.253.405.995;249.296.619.411;248.431.372.549;24.973.827.699;247.442.872.688
19;17/04/2018 7:00;249.296.619.411;248.431.372.549;24.973.827.699;247.442.872.688;247.361.262.242
20;17/04/2018 8:00;248.431.372.549;24.973.827.699;247.442.872.688;247.361.262.242;248.111.050.626
21;17/04/2018 9:00;24.973.827.699;247.442.872.688;247.361.262.242;248.111.050.626;248.608.837.971
22;17/04/2018 10:00;247.442.872.688;247.361.262.242;248.111.050.626;248.608.837.971;246.303.630.363
23;17/04/2018 11:00;247.361.262.242;248.111.050.626;248.608.837.971;246.303.630.363;25.0
24;17/04/2018 12:00;248.111.050.626;248.608.837.971;246.303.630.363;25.0;25.0
25;17/04/2018 13:00;248.608.837.971;246.303.630.363;25.0;25.0;25.0
26;17/04/2018 14:00;246.303.630.363;25.0;25.0;25.0;25.0
27;18/04/2018 8:00;25.0;25.0;25.0;25.0;229.727.011.494
28;18/04/2018 9:00;25.0;25.0;25.0;229.727.011.494;23.0
29;18/04/2018 10:00;25.0;25.0;229.727.011.494;23.0;23.0
30;18/04/2018 11:00;25.0;229.727.011.494;23.0;23.0;23.0
31;18/04/2018 12:00;229.727.011.494;23.0;23.0;23.0;229.967.032.967
32;18/04/2018 13:00;23.0;23.0;23.0;229.967.032.967;22.994.011.976
33;18/04/2018 14:00;23.0;23.0;229.967.032.967;22.994.011.976;23.0
34;18/04/2018 15:00;23.0;229.967.032.967;22.994.011.976;23.0;23.0
35;18/04/2018 16:00;229.967.032.967;22.994.011.976;23.0;23.0;23.0
36;18/04/2018 17:00;22.994.011.976;23.0;23.0;23.0;23.0
37;18/04/2018 18:00;23.0;23.0;23.0;23.0;23.0
38;18/04/2018 19:00;23.0;23.0;23.0;23.0;23.0
39;18/04/2018 20:00;23.0;23.0;23.0;23.0;23.0
40;18/04/2018 21:00;23.0;23.0;23.0;23.0;23.0
41;18/04/2018 22:00;23.0;23.0;23.0;23.0;23.0
42;18/04/2018 23:00;23.0;23.0;23.0;23.0;23.0
43;19/04/2018 0:00;23.0;23.0;23.0;23.0;23.0
44;19/04/2018 1:00;23.0;23.0;23.0;23.0;23.0
45;19/04/2018 2:00;23.0;23.0;23.0;23.0;23.0
46;19/04/2018 3:00;23.0;23.0;23.0;23.0;23.0
47;19/04/2018 4:00;23.0;23.0;23.0;23.0;23.0
48;19/04/2018 5:00;23.0;23.0;23.0;23.0;23.0
49;19/04/2018 6:00;23.0;23.0;23.0;23.0;23.0
50;19/04/2018 7:00;23.0;23.0;23.0;23.0;23.0
51;19/04/2018 8:00;23.0;23.0;23.0;23.0;23.0
52;19/04/2018 9:00;23.0;23.0;23.0;23.0;23.0
53;19/04/2018 10:00;23.0;23.0;23.0;23.0;23.0
54;19/04/2018 11:00;23.0;23.0;23.0;23.0;23.0
55;19/04/2018 12:00;23.0;23.0;23.0;23.0;230.154.831.821
56;19/04/2018 13:00;23.0;23.0;23.0;230.154.831.821;23.0
57;19/04/2018 14:00;23.0;23.0;230.154.831.821;23.0;23.0
58;19/04/2018 15:00;23.0;230.154.831.821;23.0;23.0;23.0
59;19/04/2018 16:00;230.154.831.821;23.0;23.0;23.0;23.0
60;19/04/2018 17:00;23.0;23.0;23.0;23.0;23.0
61;19/04/2018 18:00;23.0;23.0;23.0;23.0;23.0
62;19/04/2018 19:00;23.0;23.0;23.0;23.0;23.0
63;19/04/2018 20:00;23.0;23.0;23.0;23.0;23.0
64;19/04/2018 21:00;23.0;23.0;23.0;23.0;23.0
65;19/04/2018 22:00;23.0;23.0;23.0;23.0;23.0
66;19/04/2018 23:00;23.0;23.0;23.0;23.0;23.0
67;20/04/2018 0:00;23.0;23.0;23.0;23.0;23.0
68;20/04/2018 1:00;23.0;23.0;23.0;23.0;23.0
69;20/04/2018 2:00;23.0;23.0;23.0;23.0;23.0
70;20/04/2018 3:00;23.0;23.0;23.0;23.0;23.0
71;20/04/2018 4:00;23.0;23.0;23.0;23.0;23.0
72;20/04/2018 5:00;23.0;23.0;23.0;23.0;23.0
73;20/04/2018 6:00;23.0;23.0;23.0;23.0;23.0
74;20/04/2018 7:00;23.0;23.0;23.0;23.0;23.0
75;20/04/2018 8:00;23.0;23.0;23.0;23.0;230.064.690.027
76;20/04/2018 9:00;23.0;23.0;23.0;230.064.690.027;23.0
77;20/04/2018 10:00;23.0;23.0;230.064.690.027;23.0;23.0
78;20/04/2018 11:00;23.0;230.064.690.027;23.0;23.0;23.0
79;20/04/2018 12:00;230.064.690.027;23.0;23.0;23.0;23.0
80;20/04/2018 13:00;23.0;23.0;23.0;23.0;23.0
81;20/04/2018 14:00;23.0;23.0;23.0;23.0;230.181.430.096
82;20/04/2018 15:00;23.0;23.0;23.0;230.181.430.096;230.474.919.957
83;20/04/2018 16:00;23.0;23.0;230.181.430.096;230.474.919.957;23.0
84;20/04/2018 17:00;23.0;230.181.430.096;230.474.919.957;23.0;23.0
85;20/04/2018 18:00;230.181.430.096;230.474.919.957;23.0;23.0;23.0
86;20/04/2018 19:00;230.474.919.957;23.0;23.0;23.0;23.0
87;20/04/2018 20:00;23.0;23.0;23.0;23.0;23.0
88;20/04/2018 21:00;23.0;23.0;23.0;23.0;23.0
89;20/04/2018 22:00;23.0;23.0;23.0;23.0;23.0
90;20/04/2018 23:00;23.0;23.0;23.0;23.0;23.0
91;21/04/2018 0:00;23.0;23.0;23.0;23.0;230.085.698.982
92;21/04/2018 1:00;23.0;23.0;23.0;230.085.698.982;23.0
93;21/04/2018 2:00;23.0;23.0;230.085.698.982;23.0;230.434.316.354
94;21/04/2018 3:00;23.0;230.085.698.982;23.0;230.434.316.354;23.0
95;21/04/2018 4:00;230.085.698.982;23.0;230.434.316.354;23.0;23.0
96;21/04/2018 5:00;23.0;230.434.316.354;23.0;23.0;232.394.215.319
97;21/04/2018 6:00;230.434.316.354;23.0;23.0;232.394.215.319;232.697.050.938
98;21/04/2018 7:00;23.0;23.0;232.394.215.319;232.697.050.938;233.090.909.091
99;21/04/2018 8:00;23.0;232.394.215.319;232.697.050.938;233.090.909.091;232.608.462.775
100;21/04/2018 9:00;232.394.215.319;232.697.050.938;233.090.909.091;232.608.462.775;231.715.817.694
101;21/04/2018 10:00;232.697.050.938;233.090.909.091;232.608.462.775;231.715.817.694;230.697.922.216
102;21/04/2018 11:00;233.090.909.091;232.608.462.775;231.715.817.694;230.697.922.216;230.101.333.333
103;21/04/2018 12:00;232.608.462.775;231.715.817.694;230.697.922.216;230.101.333.333;23.0
104;21/04/2018 13:00;231.715.817.694;230.697.922.216;230.101.333.333;23.0;23.0
105;21/04/2018 14:00;230.697.922.216;230.101.333.333;23.0;23.0;23.0
106;21/04/2018 15:00;230.101.333.333;23.0;23.0;23.0;23.0
107;21/04/2018 16:00;23.0;23.0;23.0;23.0;23.0
108;21/04/2018 17:00;23.0;23.0;23.0;23.0;230.096.102.509
109;21/04/2018 18:00;23.0;23.0;23.0;230.096.102.509;230.016.017.085
110;21/04/2018 19:00;23.0;23.0;230.096.102.509;230.016.017.085;230.415.778.252
111;21/04/2018 20:00;23.0;230.096.102.509;230.016.017.085;230.415.778.252;23.0
112;21/04/2018 21:00;230.096.102.509;230.016.017.085;230.415.778.252;23.0;230.010.672.359
113;21/04/2018 22:00;230.016.017.085;230.415.778.252;23.0;230.010.672.359;230.170.666.667
114;21/04/2018 23:00;230.415.778.252;23.0;230.010.672.359;230.170.666.667;230.229.700.855
115;22/04/2018 0:00;23.0;230.010.672.359;230.170.666.667;230.229.700.855;231.210.498.125
116;22/04/2018 1:00;230.010.672.359;230.170.666.667;230.229.700.855;231.210.498.125;230.965.147.453
117;22/04/2018 2:00;230.170.666.667;230.229.700.855;231.210.498.125;230.965.147.453;232.700.534.759
118;22/04/2018 3:00;230.229.700.855;231.210.498.125;230.965.147.453;232.700.534.759;230.434.316.354
119;22/04/2018 4:00;231.210.498.125;230.965.147.453;232.700.534.759;230.434.316.354;232.385.026.738
120;22/04/2018 5:00;230.965.147.453;232.700.534.759;230.434.316.354;232.385.026.738;230.487.152.034
121;22/04/2018 6:00;232.700.534.759;230.434.316.354;232.385.026.738;230.487.152.034;230.455.519.829
122;22/04/2018 7:00;230.434.316.354;232.385.026.738;230.487.152.034;230.455.519.829;230.294.748.124
123;22/04/2018 8:00;232.385.026.738;230.487.152.034;230.455.519.829;230.294.748.124;230.332.439.678
124;22/04/2018 9:00;230.487.152.034;230.455.519.829;230.294.748.124;230.332.439.678;230.498.927.039
125;22/04/2018 10:00;230.455.519.829;230.294.748.124;230.332.439.678;230.498.927.039;231.960.470.085
126;22/04/2018 11:00;230.294.748.124;230.332.439.678;230.498.927.039;231.960.470.085;230.325.506.937
127;22/04/2018 12:00;230.332.439.678;230.498.927.039;231.960.470.085;230.325.506.937;230.197.333.333
128;22/04/2018 13:00;230.498.927.039;231.960.470.085;230.325.506.937;230.197.333.333;230.181.333.333
129;22/04/2018 14:00;231.960.470.085;230.325.506.937;230.197.333.333;230.181.333.333;230.042.712.226
130;22/04/2018 15:00;230.325.506.937;230.197.333.333;230.181.333.333;230.042.712.226;230.144.153.764
131;22/04/2018 16:00;230.197.333.333;230.181.333.333;230.042.712.226;230.144.153.764;230.394.877.268
132;22/04/2018 17:00;230.181.333.333;230.042.712.226;230.144.153.764;230.394.877.268;23.08
133;22/04/2018 18:00;230.042.712.226;230.144.153.764;230.394.877.268;23.08;231.635.588.705
134;22/04/2018 19:00;230.144.153.764;230.394.877.268;23.08;231.635.588.705;233.143.009.605
135;22/04/2018 20:00;230.394.877.268;23.08;231.635.588.705;233.143.009.605;232.263.747.998
136;22/04/2018 21:00;23.08;231.635.588.705;233.143.009.605;232.263.747.998;231.248.665.955
137;22/04/2018 22:00;231.635.588.705;233.143.009.605;232.263.747.998;231.248.665.955;232.326.574.173
138;22/04/2018 23:00;233.143.009.605;232.263.747.998;231.248.665.955;232.326.574.173;233.088
139;23/04/2018 0:00;232.263.747.998;231.248.665.955;232.326.574.173;233.088;237.075.522.228
140;23/04/2018 1:00;231.248.665.955;232.326.574.173;233.088;237.075.522.228;236.011.777.302
141;23/04/2018 2:00;232.326.574.173;233.088;237.075.522.228;236.011.777.302;237.145.152.651
142;23/04/2018 3:00;233.088;237.075.522.228;236.011.777.302;237.145.152.651;235.550.802.139
143;23/04/2018 4:00;237.075.522.228;236.011.777.302;237.145.152.651;235.550.802.139;236.431.246.656
144;23/04/2018 5:00;236.011.777.302;237.145.152.651;235.550.802.139;236.431.246.656;237.608.346.709
145;23/04/2018 6:00;237.145.152.651;235.550.802.139;236.431.246.656;237.608.346.709;24.0
146;23/04/2018 7:00;235.550.802.139;236.431.246.656;237.608.346.709;24.0;24.0
147;23/04/2018 8:00;236.431.246.656;237.608.346.709;24.0;24.0;24.0
148;23/04/2018 9:00;237.608.346.709;24.0;24.0;24.0;24.0
149;23/04/2018 10:00;24.0;24.0;24.0;24.0;24.0
150;23/04/2018 11:00;24.0;24.0;24.0;24.0;24.0
151;23/04/2018 12:00;24.0;24.0;24.0;24.0;24.0
152;23/04/2018 13:00;24.0;24.0;24.0;24.0;24.0
153;23/04/2018 14:00;24.0;24.0;24.0;24.0;24.0
154;23/04/2018 15:00;24.0;24.0;24.0;24.0;242.506.666.667
155;23/04/2018 16:00;24.0;24.0;24.0;242.506.666.667;24.0
156;23/04/2018 17:00;24.0;24.0;242.506.666.667;24.0;24.0
157;23/04/2018 18:00;24.0;242.506.666.667;24.0;24.0;239.968.017.058
158;23/04/2018 19:00;242.506.666.667;24.0;24.0;239.968.017.058;24.0
159;23/04/2018 20:00;24.0;24.0;239.968.017.058;24.0;24.0
160;23/04/2018 21:00;24.0;239.968.017.058;24.0;24.0;239.994.675.186
161;23/04/2018 22:00;239.968.017.058;24.0;24.0;239.994.675.186;239.872
162;23/04/2018 23:00;24.0;24.0;239.994.675.186;239.872;24.0
163;24/04/2018 0:00;24.0;239.994.675.186;239.872;24.0;24.0
164;24/04/2018 1:00;239.994.675.186;239.872;24.0;24.0;24.0
165;24/04/2018 2:00;239.872;24.0;24.0;24.0;24.0
166;24/04/2018 3:00;24.0;24.0;24.0;24.0;24.0
167;24/04/2018 4:00;24.0;24.0;24.0;24.0;239.245.585.875
168;24/04/2018 5:00;24.0;24.0;24.0;239.245.585.875;233.210.272.873
169;24/04/2018 6:00;24.0;24.0;239.245.585.875;233.210.272.873;23.178.361.007
170;24/04/2018 7:00;24.0;239.245.585.875;233.210.272.873;23.178.361.007;232.034.261.242
171;24/04/2018 8:00;239.245.585.875;233.210.272.873;23.178.361.007;232.034.261.242;231.763.129.689
172;24/04/2018 9:00;233.210.272.873;23.178.361.007;232.034.261.242;231.763.129.689;23.063.772.776
173;24/04/2018 10:00;23.178.361.007;232.034.261.242;231.763.129.689;23.063.772.776;230.282.666.667
174;24/04/2018 11:00;232.034.261.242;231.763.129.689;23.063.772.776;230.282.666.667;230.245.333.333
175;24/04/2018 12:00;231.763.129.689;23.063.772.776;230.282.666.667;230.245.333.333;230.085.378.869
176;24/04/2018 13:00;23.063.772.776;230.282.666.667;230.245.333.333;230.085.378.869;230.160.085.379
177;24/04/2018 14:00;230.282.666.667;230.245.333.333;230.085.378.869;230.160.085.379;230.330.666.667
178;24/04/2018 15:00;230.245.333.333;230.085.378.869;230.160.085.379;230.330.666.667;230.037.373.198
179;24/04/2018 16:00;230.085.378.869;230.160.085.379;230.330.666.667;230.037.373.198;23.016
180;24/04/2018 17:00;230.160.085.379;230.330.666.667;230.037.373.198;23.016;23.0
181;24/04/2018 18:00;230.330.666.667;230.037.373.198;23.016;23.0;230.122.601.279
182;24/04/2018 19:00;230.037.373.198;23.016;23.0;230.122.601.279;230.165.421.558
183;24/04/2018 20:00;23.016;23.0;230.122.601.279;230.165.421.558;232.755.863.539
184;24/04/2018 21:00;23.0;230.122.601.279;230.165.421.558;232.755.863.539;234.503.735.326
185;24/04/2018 22:00;230.122.601.279;230.165.421.558;232.755.863.539;234.503.735.326;231.529.850.746
186;24/04/2018 23:00;230.165.421.558;232.755.863.539;234.503.735.326;231.529.850.746;23.237.206.823
187;25/04/2018 0:00;232.755.863.539;234.503.735.326;231.529.850.746;23.237.206.823;232.108.369.099
188;25/04/2018 1:00;234.503.735.326;231.529.850.746;23.237.206.823;232.108.369.099;230.085.790.885
189;25/04/2018 2:00;231.529.850.746;23.237.206.823;232.108.369.099;230.085.790.885;23.0
190;25/04/2018 3:00;23.237.206.823;232.108.369.099;230.085.790.885;23.0;230.026.809.651
191;25/04/2018 4:00;232.108.369.099;230.085.790.885;23.0;230.026.809.651;230.166.130.761
192;25/04/2018 5:00;230.085.790.885;23.0;230.026.809.651;230.166.130.761;233.153.104.925
193;25/04/2018 6:00;23.0;230.026.809.651;230.166.130.761;233.153.104.925;235.232.744.783
194;25/04/2018 7:00;230.026.809.651;230.166.130.761;233.153.104.925;235.232.744.783;23.527.613.941
195;25/04/2018 8:00;230.166.130.761;233.153.104.925;235.232.744.783;23.527.613.941;236.422.459.893
196;25/04/2018 9:00;233.153.104.925;235.232.744.783;23.527.613.941;236.422.459.893;236.450.749.465
197;25/04/2018 10:00;235.232.744.783;23.527.613.941;236.422.459.893;236.450.749.465;233.304.904.051
198;25/04/2018 11:00;23.527.613.941;236.422.459.893;236.450.749.465;233.304.904.051;23.287.620.064
199;25/04/2018 12:00;236.422.459.893;236.450.749.465;233.304.904.051;23.287.620.064;233.361.792.956
200;25/04/2018 13:00;236.450.749.465;233.304.904.051;23.287.620.064;233.361.792.956;231.764.392.324
201;25/04/2018 14:00;233.304.904.051;23.287.620.064;233.361.792.956;231.764.392.324;233.829.333.333
202;25/04/2018 15:00;23.287.620.064;233.361.792.956;231.764.392.324;233.829.333.333;231.721.748.401
203;25/04/2018 16:00;233.361.792.956;231.764.392.324;233.829.333.333;231.721.748.401;231.460.554.371
204;25/04/2018 17:00;231.764.392.324;233.829.333.333;231.721.748.401;231.460.554.371;232.389.333.333
205;25/04/2018 18:00;233.829.333.333;231.721.748.401;231.460.554.371;232.389.333.333;23.131.663.113
206;25/04/2018 19:00;231.721.748.401;231.460.554.371;232.389.333.333;23.131.663.113;231.472
207;25/04/2018 20:00;231.460.554.371;232.389.333.333;23.131.663.113;231.472;232.324.093.817
208;25/04/2018 21:00;232.389.333.333;23.131.663.113;231.472;232.324.093.817;233.210.666.667
209;25/04/2018 22:00;23.131.663.113;231.472;232.324.093.817;233.210.666.667;231.542.979.178
210;25/04/2018 23:00;231.472;232.324.093.817;233.210.666.667;231.542.979.178;232.139.807.898
211;26/04/2018 0:00;232.324.093.817;233.210.666.667;231.542.979.178;232.139.807.898;232.099.625.067
212;26/04/2018 1:00;233.210.666.667;231.542.979.178;232.139.807.898;232.099.625.067;233.390.465.988
213;26/04/2018 2:00;231.542.979.178;232.139.807.898;232.099.625.067;233.390.465.988;232.840.300.107
214;26/04/2018 3:00;232.139.807.898;232.099.625.067;233.390.465.988;232.840.300.107;234.708.400.214
215;26/04/2018 4:00;232.099.625.067;233.390.465.988;232.840.300.107;234.708.400.214;233.964.686.998
216;26/04/2018 5:00;233.390.465.988;232.840.300.107;234.708.400.214;233.964.686.998;232.414.346.895
217;26/04/2018 6:00;232.840.300.107;234.708.400.214;233.964.686.998;232.414.346.895;233.062.098.501
218;26/04/2018 7:00;234.708.400.214;233.964.686.998;232.414.346.895;233.062.098.501;234.247.455.811
219;26/04/2018 8:00;233.964.686.998;232.414.346.895;233.062.098.501;234.247.455.811;233.911.182.451
220;26/04/2018 9:00;232.414.346.895;233.062.098.501;234.247.455.811;233.911.182.451;235.714.285.714
221;26/04/2018 10:00;233.062.098.501;234.247.455.811;233.911.182.451;235.714.285.714;234.058.666.667
222;26/04/2018 11:00;234.247.455.811;233.911.182.451;235.714.285.714;234.058.666.667;234.053.333.333
223;26/04/2018 12:00;233.911.182.451;235.714.285.714;234.058.666.667;234.053.333.333;233.157.333.333
224;26/04/2018 13:00;235.714.285.714;234.058.666.667;234.053.333.333;233.157.333.333;231.456
225;26/04/2018 14:00;234.058.666.667;234.053.333.333;233.157.333.333;231.456;230.037.333.333
226;26/04/2018 15:00;234.053.333.333;233.157.333.333;231.456;230.037.333.333;230.069.333.333
227;26/04/2018 16:00;233.157.333.333;231.456;230.037.333.333;230.069.333.333;230.319.829.424
228;26/04/2018 17:00;231.456;230.037.333.333;230.069.333.333;230.319.829.424;230.805.763.074
229;26/04/2018 18:00;230.037.333.333;230.069.333.333;230.319.829.424;230.805.763.074;230.922.666.667
230;26/04/2018 19:00;230.069.333.333;230.319.829.424;230.805.763.074;230.922.666.667;230.634.328.358
231;26/04/2018 20:00;230.319.829.424;230.805.763.074;230.922.666.667;230.634.328.358;230.309.333.333
232;26/04/2018 21:00;230.805.763.074;230.922.666.667;230.634.328.358;230.309.333.333;23.210.554.371
233;26/04/2018 22:00;230.922.666.667;230.634.328.358;230.309.333.333;23.210.554.371;23.223.880.597
234;26/04/2018 23:00;230.634.328.358;230.309.333.333;23.210.554.371;23.223.880.597;230.437.100.213
235;27/04/2018 0:00;230.309.333.333;23.210.554.371;23.223.880.597;230.437.100.213;230.540.974.826
236;27/04/2018 1:00;23.210.554.371;23.223.880.597;230.437.100.213;230.540.974.826;230.766.345.123
237;27/04/2018 2:00;23.223.880.597;230.437.100.213;230.540.974.826;230.766.345.123;231.896.089.984
238;27/04/2018 3:00;230.437.100.213;230.540.974.826;230.766.345.123;231.896.089.984;232.238.885.913
239;27/04/2018 4:00;230.540.974.826;230.766.345.123;231.896.089.984;232.238.885.913;231.124.197.002
240;27/04/2018 5:00;230.766.345.123;231.896.089.984;232.238.885.913;231.124.197.002;23.653.640.257
241;27/04/2018 6:00;231.896.089.984;232.238.885.913;231.124.197.002;23.653.640.257;237.919.786.096
242;27/04/2018 7:00;232.238.885.913;231.124.197.002;23.653.640.257;237.919.786.096;239.417.112.299
243;27/04/2018 8:00;231.124.197.002;23.653.640.257;237.919.786.096;239.417.112.299;233.833.780.161
244;27/04/2018 9:00;23.653.640.257;237.919.786.096;239.417.112.299;233.833.780.161;233.421.765.024
245;27/04/2018 10:00;237.919.786.096;239.417.112.299;233.833.780.161;233.421.765.024;233.799.359.658
246;27/04/2018 11:00;239.417.112.299;233.833.780.161;233.421.765.024;233.799.359.658;233.363.587.827
247;27/04/2018 12:00;233.833.780.161;233.421.765.024;233.799.359.658;233.363.587.827;231.588.486.141
248;27/04/2018 13:00;233.421.765.024;233.799.359.658;233.363.587.827;231.588.486.141;233.685.333.333
249;27/04/2018 14:00;233.799.359.658;233.363.587.827;231.588.486.141;233.685.333.333;233.073.639.274
250;27/04/2018 15:00;233.363.587.827;231.588.486.141;233.685.333.333;233.073.639.274;232.161.152.615
251;27/04/2018 16:00;231.588.486.141;233.685.333.333;233.073.639.274;232.161.152.615;230.010.672.359
252;27/04/2018 17:00;233.685.333.333;233.073.639.274;232.161.152.615;230.010.672.359;230.694.073.679
253;27/04/2018 18:00;233.073.639.274;232.161.152.615;230.010.672.359;230.694.073.679;230.549.626.467
254;27/04/2018 19:00;232.161.152.615;230.010.672.359;230.694.073.679;230.549.626.467;23.196.905.016
255;27/04/2018 20:00;230.010.672.359;230.694.073.679;230.549.626.467;23.196.905.016;231.610.666.667
256;27/04/2018 21:00;230.694.073.679;230.549.626.467;23.196.905.016;231.610.666.667;232.089.552.239
257;27/04/2018 22:00;230.549.626.467;23.196.905.016;231.610.666.667;232.089.552.239;231.892.324.094
258;27/04/2018 23:00;23.196.905.016;231.610.666.667;232.089.552.239;231.892.324.094;233.328
259;28/04/2018 0:00;231.610.666.667;232.089.552.239;231.892.324.094;233.328;233.078.158.458
260;28/04/2018 1:00;232.089.552.239;231.892.324.094;233.328;233.078.158.458;234.464.668.094
261;28/04/2018 2:00;231.892.324.094;233.328;233.078.158.458;234.464.668.094;233.251.205.142
262;28/04/2018 3:00;233.328;233.078.158.458;234.464.668.094;233.251.205.142;234.461.703.267
263;28/04/2018 4:00;233.078.158.458;234.464.668.094;233.251.205.142;234.461.703.267;231.729.122.056
264;28/04/2018 5:00;234.464.668.094;233.251.205.142;234.461.703.267;231.729.122.056;232.595.174.263
265;28/04/2018 6:00;233.251.205.142;234.461.703.267;231.729.122.056;232.595.174.263;233.240.492.769
266;28/04/2018 7:00;234.461.703.267;231.729.122.056;232.595.174.263;233.240.492.769;235.591.225.254
267;28/04/2018 8:00;231.729.122.056;232.595.174.263;233.240.492.769;235.591.225.254;23.395.286.556
268;28/04/2018 9:00;232.595.174.263;233.240.492.769;235.591.225.254;23.395.286.556;235.409.309.791
269;28/04/2018 10:00;233.240.492.769;235.591.225.254;23.395.286.556;235.409.309.791;236.334.044.824
270;28/04/2018 11:00;235.591.225.254;23.395.286.556;235.409.309.791;236.334.044.824;234.247.598.719
271;28/04/2018 12:00;23.395.286.556;235.409.309.791;236.334.044.824;234.247.598.719;234.544
272;28/04/2018 13:00;235.409.309.791;236.334.044.824;234.247.598.719;234.544;235.351.812.367
273;28/04/2018 14:00;236.334.044.824;234.247.598.719;234.544;235.351.812.367;236.680.896.478
274;28/04/2018 15:00;234.247.598.719;234.544;235.351.812.367;236.680.896.478;234.548.852.109
275;28/04/2018 16:00;234.544;235.351.812.367;236.680.896.478;234.548.852.109;234.243.070.362
276;28/04/2018 17:00;235.351.812.367;236.680.896.478;234.548.852.109;234.243.070.362;237.697.228.145
277;28/04/2018 18:00;236.680.896.478;234.548.852.109;234.243.070.362;237.697.228.145;237.196.162.047
278;28/04/2018 19:00;234.548.852.109;234.243.070.362;237.697.228.145;237.196.162.047;235.885.805.763
279;28/04/2018 20:00;234.243.070.362;237.697.228.145;237.196.162.047;235.885.805.763;235.581.643.543
280;28/04/2018 21:00;237.697.228.145;237.196.162.047;235.885.805.763;235.581.643.543;235.554.371.002
281;28/04/2018 22:00;237.196.162.047;235.885.805.763;235.581.643.543;235.554.371.002;232.798.507.463
282;28/04/2018 23:00;235.885.805.763;235.581.643.543;235.554.371.002;232.798.507.463;235.721.896.644
283;29/04/2018 0:00;235.581.643.543;235.554.371.002;232.798.507.463;235.721.896.644;237.265.917.603
284;29/04/2018 1:00;235.554.371.002;232.798.507.463;235.721.896.644;237.265.917.603;236.620.246.385
285;29/04/2018 2:00;232.798.507.463;235.721.896.644;237.265.917.603;236.620.246.385;232.703.426.124
286;29/04/2018 3:00;235.721.896.644;237.265.917.603;236.620.246.385;232.703.426.124;234.079.229.122
287;29/04/2018 4:00;237.265.917.603;236.620.246.385;232.703.426.124;234.079.229.122;233.442.184.154
288;29/04/2018 5:00;236.620.246.385;232.703.426.124;234.079.229.122;233.442.184.154;232.307.280.514
289;29/04/2018 6:00;232.703.426.124;234.079.229.122;233.442.184.154;232.307.280.514;234.275.788.348
290;29/04/2018 7:00;234.079.229.122;233.442.184.154;232.307.280.514;234.275.788.348;233.763.383.298
291;29/04/2018 8:00;233.442.184.154;232.307.280.514;234.275.788.348;233.763.383.298;233.215.434.084
292;29/04/2018 9:00;232.307.280.514;234.275.788.348;233.763.383.298;233.215.434.084;234.280.363.831
293;29/04/2018 10:00;234.275.788.348;233.763.383.298;233.215.434.084;234.280.363.831;233.528.784.648
294;29/04/2018 11:00;233.763.383.298;233.215.434.084;234.280.363.831;233.528.784.648;231.199.360.341
295;29/04/2018 12:00;233.215.434.084;234.280.363.831;233.528.784.648;231.199.360.341;233.622.802.344
296;29/04/2018 13:00;234.280.363.831;233.528.784.648;231.199.360.341;233.622.802.344;233.644.610.459
297;29/04/2018 14:00;233.528.784.648;231.199.360.341;233.622.802.344;233.644.610.459;234.013.859.275
298;29/04/2018 15:00;231.199.360.341;233.622.802.344;233.644.610.459;234.013.859.275;235.521.831.736
299;29/04/2018 16:00;233.622.802.344;233.644.610.459;234.013.859.275;235.521.831.736;236.179.295.624
300;29/04/2018 17:00;233.644.610.459;234.013.859.275;235.521.831.736;236.179.295.624;236.074.666.667
301;29/04/2018 18:00;234.013.859.275;235.521.831.736;236.179.295.624;236.074.666.667;235.493.333.333
302;29/04/2018 19:00;235.521.831.736;236.179.295.624;236.074.666.667;235.493.333.333;235.378.464.819
303;29/04/2018 20:00;236.179.295.624;236.074.666.667;235.493.333.333;235.378.464.819;233.598.081.023
304;29/04/2018 21:00;236.074.666.667;235.493.333.333;235.378.464.819;233.598.081.023;23.522.411.953
305;29/04/2018 22:00;235.493.333.333;235.378.464.819;233.598.081.023;23.522.411.953;23.568.303.095
306;29/04/2018 23:00;235.378.464.819;233.598.081.023;23.522.411.953;23.568.303.095;235.772.921.109
307;30/04/2018 0:00;233.598.081.023;23.522.411.953;23.568.303.095;235.772.921.109;235.861.884.368
308;30/04/2018 1:00;23.522.411.953;23.568.303.095;235.772.921.109;235.861.884.368;235.719.636.169
309;30/04/2018 2:00;23.568.303.095;235.772.921.109;235.861.884.368;235.719.636.169;233.288.698.447
310;30/04/2018 3:00;235.772.921.109;235.861.884.368;235.719.636.169;233.288.698.447;233.595.505.618
311;30/04/2018 4:00;235.861.884.368;235.719.636.169;233.288.698.447;233.595.505.618;238.022.447.889
312;30/04/2018 5:00;235.719.636.169;233.288.698.447;233.595.505.618;238.022.447.889;238.056.745.182
313;30/04/2018 6:00;233.288.698.447;233.595.505.618;238.022.447.889;238.056.745.182;237.091.590.787
314;30/04/2018 7:00;233.595.505.618;238.022.447.889;238.056.745.182;237.091.590.787;236.748.663.102
315;30/04/2018 8:00;238.022.447.889;238.056.745.182;237.091.590.787;236.748.663.102;238.117.647.059
316;30/04/2018 9:00;238.056.745.182;237.091.590.787;236.748.663.102;238.117.647.059;235.521.111.705
317;30/04/2018 10:00;237.091.590.787;236.748.663.102;238.117.647.059;235.521.111.705;233.964.781.217
318;30/04/2018 11:00;236.748.663.102;238.117.647.059;235.521.111.705;233.964.781.217;23.472
319;30/04/2018 12:00;238.117.647.059;235.521.111.705;233.964.781.217;23.472;234.832
320;30/04/2018 13:00;235.521.111.705;233.964.781.217;23.472;234.832;235.170.575.693
321;30/04/2018 14:00;233.964.781.217;23.472;234.832;235.170.575.693;233.486.140.725
322;30/04/2018 15:00;23.472;234.832;235.170.575.693;233.486.140.725;233.925.333.333
323;30/04/2018 16:00;234.832;235.170.575.693;233.486.140.725;233.925.333.333;234.268.943.436
324;30/04/2018 17:00;235.170.575.693;233.486.140.725;233.925.333.333;234.268.943.436;235.623.667.377
325;30/04/2018 18:00;233.486.140.725;233.925.333.333;234.268.943.436;235.623.667.377;234.984.008.529
326;30/04/2018 19:00;233.925.333.333;234.268.943.436;235.623.667.377;234.984.008.529;237.085.775.173
327;30/04/2018 20:00;234.268.943.436;235.623.667.377;234.984.008.529;237.085.775.173;233.980.789.755
328;30/04/2018 21:00;235.623.667.377;234.984.008.529;237.085.775.173;233.980.789.755;236.533.333.333
329;30/04/2018 22:00;234.984.008.529;237.085.775.173;233.980.789.755;236.533.333.333;236.528
330;30/04/2018 23:00;237.085.775.173;233.980.789.755;236.533.333.333;236.528;238.332.445.392
331;01/05/2018 0:00;233.980.789.755;236.533.333.333;236.528;238.332.445.392;238.016.085.791
332;01/05/2018 1:00;236.533.333.333;236.528;238.332.445.392;238.016.085.791;239.747.583.244
333;01/05/2018 2:00;236.528;238.332.445.392;238.016.085.791;239.747.583.244;239.248.927.039
334;01/05/2018 3:00;238.332.445.392;238.016.085.791;239.747.583.244;239.248.927.039;238.053.619.303
335;01/05/2018 4:00;238.016.085.791;239.747.583.244;239.248.927.039;238.053.619.303;236.945.337.621
336;01/05/2018 5:00;239.747.583.244;239.248.927.039;238.053.619.303;236.945.337.621;238.144.772.118
337;01/05/2018 6:00;239.248.927.039;238.053.619.303;236.945.337.621;238.144.772.118;238.550.724.638
338;01/05/2018 7:00;238.053.619.303;236.945.337.621;238.144.772.118;238.550.724.638;239.301.825.994
339;01/05/2018 8:00;236.945.337.621;238.144.772.118;238.550.724.638;239.301.825.994;239.039.184.112
340;01/05/2018 9:00;238.144.772.118;238.550.724.638;239.301.825.994;239.039.184.112;23.650.751.073
341;01/05/2018 10:00;238.550.724.638;239.301.825.994;239.039.184.112;23.650.751.073;238.051.391.863
342;01/05/2018 11:00;239.301.825.994;239.039.184.112;23.650.751.073;238.051.391.863;235.529.411.765
343;01/05/2018 12:00;239.039.184.112;23.650.751.073;238.051.391.863;235.529.411.765;235.259.497.057
344;01/05/2018 13:00;23.650.751.073;238.051.391.863;235.529.411.765;235.259.497.057;236.059.797.117
345;01/05/2018 14:00;238.051.391.863;235.529.411.765;235.259.497.057;236.059.797.117;236.329.588.015
346;01/05/2018 15:00;235.529.411.765;235.259.497.057;236.059.797.117;236.329.588.015;239.501.874.665
347;01/05/2018 16:00;235.259.497.057;236.059.797.117;236.329.588.015;239.501.874.665;238.699.143.469
348;01/05/2018 17:00;236.059.797.117;236.329.588.015;239.501.874.665;238.699.143.469;239.326.563.335
349;01/05/2018 18:00;236.329.588.015;239.501.874.665;238.699.143.469;239.326.563.335;239.748.394.004
350;01/05/2018 19:00;239.501.874.665;238.699.143.469;239.326.563.335;239.748.394.004;239.983.948.636
351;01/05/2018 20:00;238.699.143.469;239.326.563.335;239.748.394.004;239.983.948.636;239.994.646.681
352;01/05/2018 21:00;239.326.563.335;239.748.394.004;239.983.948.636;239.994.646.681;239.732.477.261
353;01/05/2018 22:00;239.748.394.004;239.983.948.636;239.994.646.681;239.732.477.261;239.785.867.238
354;01/05/2018 23:00;239.983.948.636;239.994.646.681;239.732.477.261;239.785.867.238;24.0
355;02/05/2018 0:00;239.994.646.681;239.732.477.261;239.785.867.238;24.0;24.0
356;02/05/2018 1:00;239.732.477.261;239.785.867.238;24.0;24.0;239.892.646.269
357;02/05/2018 2:00;239.785.867.238;24.0;24.0;239.892.646.269;239.747.583.244
358;02/05/2018 3:00;24.0;24.0;239.892.646.269;239.747.583.244;239.000.537.346
359;02/05/2018 4:00;24.0;239.892.646.269;239.747.583.244;239.000.537.346;238.996.781.116
360;02/05/2018 5:00;239.892.646.269;239.747.583.244;239.000.537.346;238.996.781.116;24.0
361;02/05/2018 6:00;239.747.583.244;239.000.537.346;238.996.781.116;24.0;237.783.145.464
362;02/05/2018 7:00;239.000.537.346;238.996.781.116;24.0;237.783.145.464;239.978.517.723
363;02/05/2018 8:00;238.996.781.116;24.0;237.783.145.464;239.978.517.723;239.989.247.312
364;02/05/2018 9:00;24.0;237.783.145.464;239.978.517.723;239.989.247.312;23.977.443.609
365;02/05/2018 10:00;237.783.145.464;239.978.517.723;239.989.247.312;23.977.443.609;23.925.093.633
366;02/05/2018 11:00;239.978.517.723;239.989.247.312;23.977.443.609;23.925.093.633;237.398.286.938
367;02/05/2018 12:00;239.989.247.312;23.977.443.609;23.925.093.633;237.398.286.938;236.834.224.599
368;02/05/2018 13:00;23.977.443.609;23.925.093.633;237.398.286.938;236.834.224.599;236.700.589.181
369;02/05/2018 14:00;23.925.093.633;237.398.286.938;236.834.224.599;236.700.589.181;233.990.358.864
370;02/05/2018 15:00;237.398.286.938;236.834.224.599;236.700.589.181;233.990.358.864;236.607.811.664
371;02/05/2018 16:00;236.834.224.599;236.700.589.181;233.990.358.864;236.607.811.664;239.566.381.156
372;02/05/2018 17:00;236.700.589.181;233.990.358.864;236.607.811.664;239.566.381.156;238.897.216.274
373;02/05/2018 18:00;233.990.358.864;236.607.811.664;239.566.381.156;238.897.216.274;238.629.550.321
374;02/05/2018 19:00;236.607.811.664;239.566.381.156;238.897.216.274;238.629.550.321;239.443.254.818
375;02/05/2018 20:00;239.566.381.156;238.897.216.274;238.629.550.321;239.443.254.818;239.989.293.362
376;02/05/2018 21:00;238.897.216.274;238.629.550.321;239.443.254.818;239.989.293.362;238.794.858.061
377;02/05/2018 22:00;238.629.550.321;239.443.254.818;239.989.293.362;238.794.858.061;238.414.568.827
378;02/05/2018 23:00;239.443.254.818;239.989.293.362;238.794.858.061;238.414.568.827;238.184.252.812
379;03/05/2018 0:00;239.989.293.362;238.794.858.061;238.414.568.827;238.184.252.812;24.0
380;03/05/2018 1:00;238.794.858.061;238.414.568.827;238.184.252.812;24.0;23.895.810.956
381;03/05/2018 2:00;238.414.568.827;238.184.252.812;24.0;23.895.810.956;238.643.431.635
382;03/05/2018 3:00;238.184.252.812;24.0;23.895.810.956;238.643.431.635;23.932.867.884
383;03/05/2018 4:00;24.0;23.895.810.956;238.643.431.635;23.932.867.884;239.533.261.803
384;03/05/2018 5:00;23.895.810.956;238.643.431.635;23.932.867.884;239.533.261.803;24.0
385;03/05/2018 6:00;238.643.431.635;23.932.867.884;239.533.261.803;24.0;239.377.013.963
386;03/05/2018 7:00;23.932.867.884;239.533.261.803;24.0;239.377.013.963;238.453.276.047
387;03/05/2018 8:00;239.533.261.803;24.0;239.377.013.963;238.453.276.047;234.354.579.539
388;03/05/2018 9:00;24.0;239.377.013.963;238.453.276.047;234.354.579.539;24.0
389;03/05/2018 10:00;239.377.013.963;238.453.276.047;234.354.579.539;24.0;24.0
390;06/05/2018 19:00;238.453.276.047;234.354.579.539;24.0;24.0;243.727.941.176
391;06/05/2018 20:00;234.354.579.539;24.0;24.0;243.727.941.176;242.652.406.417
392;06/05/2018 21:00;24.0;24.0;243.727.941.176;242.652.406.417;244.570.208.222
393;06/05/2018 22:00;24.0;243.727.941.176;242.652.406.417;244.570.208.222;24.313.034.188
394;06/05/2018 23:00;243.727.941.176;242.652.406.417;244.570.208.222;24.313.034.188;244.396.367.521
395;07/05/2018 0:00;242.652.406.417;244.570.208.222;24.313.034.188;244.396.367.521;245.797.101.449
396;07/05/2018 1:00;244.570.208.222;24.313.034.188;244.396.367.521;245.797.101.449;242.863.270.777
397;07/05/2018 2:00;24.313.034.188;244.396.367.521;245.797.101.449;242.863.270.777;245.544.235.925
398;07/05/2018 3:00;244.396.367.521;245.797.101.449;242.863.270.777;245.544.235.925;241.412.459.721
399;07/05/2018 4:00;245.797.101.449;242.863.270.777;245.544.235.925;241.412.459.721;243.631.974.249
400;07/05/2018 5:00;242.863.270.777;245.544.235.925;241.412.459.721;243.631.974.249;246.925.549.009
401;07/05/2018 6:00;245.544.235.925;241.412.459.721;243.631.974.249;246.925.549.009;248.252.010.724
402;07/05/2018 7:00;241.412.459.721;243.631.974.249;246.925.549.009;248.252.010.724;249.148.366.363
403;07/05/2018 8:00;243.631.974.249;246.925.549.009;248.252.010.724;249.148.366.363;249.994.652.406
404;07/05/2018 9:00;246.925.549.009;248.252.010.724;249.148.366.363;249.994.652.406;249.110.873.058
405;07/05/2018 10:00;248.252.010.724;249.148.366.363;249.994.652.406;249.110.873.058;249.562.666.667
406;07/05/2018 11:00;249.148.366.363;249.994.652.406;249.110.873.058;249.562.666.667;248.798.718.633
407;07/05/2018 12:00;249.994.652.406;249.110.873.058;249.562.666.667;248.798.718.633;248.488.247.863
408;07/05/2018 13:00;249.110.873.058;249.562.666.667;248.798.718.633;248.488.247.863;243.388.562.266
409;07/05/2018 14:00;249.562.666.667;248.798.718.633;248.488.247.863;243.388.562.266;247.680.384.821
410;07/05/2018 15:00;248.798.718.633;248.488.247.863;243.388.562.266;247.680.384.821;248.794.023.479
411;07/05/2018 16:00;248.488.247.863;243.388.562.266;247.680.384.821;248.794.023.479;248.128
412;07/05/2018 17:00;243.388.562.266;247.680.384.821;248.794.023.479;248.128;248.055.555.556
413;07/05/2018 18:00;247.680.384.821;248.794.023.479;248.128;248.055.555.556;247.097.118.463
414;07/05/2018 19:00;248.794.023.479;248.128;248.055.555.556;247.097.118.463;249.338.313.767
415;07/05/2018 20:00;248.128;248.055.555.556;247.097.118.463;249.338.313.767;248.574.479.445
416;07/05/2018 21:00;248.055.555.556;247.097.118.463;249.338.313.767;248.574.479.445;247.394.554.191
417;07/05/2018 22:00;247.097.118.463;249.338.313.767;248.574.479.445;247.394.554.191;247.473.290.598
418;07/05/2018 23:00;249.338.313.767;248.574.479.445;247.394.554.191;247.473.290.598;244.861.111.111
419;08/05/2018 0:00;248.574.479.445;247.394.554.191;247.473.290.598;244.861.111.111;246.348.525.469
420;08/05/2018 1:00;247.394.554.191;247.473.290.598;244.861.111.111;246.348.525.469;249.341.541.756
421;08/05/2018 2:00;247.473.290.598;244.861.111.111;246.348.525.469;249.341.541.756;248.859.743.041
422;08/05/2018 3:00;244.861.111.111;246.348.525.469;249.341.541.756;248.859.743.041;249.957.150.509
423;08/05/2018 4:00;246.348.525.469;249.341.541.756;248.859.743.041;249.957.150.509;248.429.796.356
424;08/05/2018 5:00;249.341.541.756;248.859.743.041;249.957.150.509;248.429.796.356;248.960.899.839
425;08/05/2018 6:00;248.859.743.041;249.957.150.509;248.429.796.356;248.960.899.839;249.662.560.257
426;08/05/2018 7:00;249.957.150.509;248.429.796.356;248.960.899.839;249.662.560.257;249.004.282.655
427;08/05/2018 8:00;248.429.796.356;248.960.899.839;249.662.560.257;249.004.282.655;243.394.199.785
428;08/05/2018 9:00;248.960.899.839;249.662.560.257;249.004.282.655;243.394.199.785;244.643.431.635
429;08/05/2018 10:00;249.662.560.257;249.004.282.655;243.394.199.785;244.643.431.635;242.340.994.121
430;08/05/2018 11:00;249.004.282.655;243.394.199.785;244.643.431.635;242.340.994.121;245.982.905.983
431;08/05/2018 12:00;243.394.199.785;244.643.431.635;242.340.994.121;245.982.905.983;249.032.258.065
