;Fecha;0;1;2;3;4
4;2018-04-16 13:30:00;21.27;21.27;21.2336163175;21.27;21.3889403974
5;2018-04-16 15:00:00;21.27;21.2336163175;21.27;21.3889403974;24.4479355783
6;2018-04-16 15:30:00;21.2336163175;21.27;21.3889403974;24.4479355783;24.2197508126
7;2018-04-16 16:00:00;21.27;21.3889403974;24.4479355783;24.2197508126;23.9728864865
8;2018-04-16 16:30:00;21.3889403974;24.4479355783;24.2197508126;23.9728864865;23.9890662324
9;2018-04-16 17:00:00;24.4479355783;24.2197508126;23.9728864865;23.9890662324;23.9514902808
10;2018-04-16 17:30:00;24.2197508126;23.9728864865;23.9890662324;23.9514902808;24.0432173913
11;2018-04-16 18:00:00;23.9728864865;23.9890662324;23.9514902808;24.0432173913;24.0788311688
12;2018-04-16 18:30:00;23.9890662324;23.9514902808;24.0432173913;24.0788311688;24.0018783931
13;2018-04-16 19:00:00;23.9514902808;24.0432173913;24.0788311688;24.0018783931;24.1142253521
14;2018-04-16 19:30:00;24.0432173913;24.0788311688;24.0018783931;24.1142253521;24.4079825518
15;2018-04-16 20:00:00;24.0788311688;24.0018783931;24.1142253521;24.4079825518;24.1617551463
16;2018-04-16 20:30:00;24.0018783931;24.1142253521;24.4079825518;24.1617551463;24.2883626374
17;2018-04-16 21:00:00;24.1142253521;24.4079825518;24.1617551463;24.2883626374;24.3371412924
18;2018-04-16 21:30:00;24.4079825518;24.1617551463;24.2883626374;24.3371412924;24.1998239824
19;2018-04-16 22:00:00;24.1617551463;24.2883626374;24.3371412924;24.1998239824;24.1778203724
20;2018-04-16 22:30:00;24.2883626374;24.3371412924;24.1998239824;24.1778203724;24.1433223322
21;2018-04-16 23:00:00;24.3371412924;24.1998239824;24.1778203724;24.1433223322;24.2624835886
22;2018-04-16 23:30:00;24.1998239824;24.1778203724;24.1433223322;24.2624835886;24.2577912088
23;2018-04-17 00:00:00;24.1778203724;24.1433223322;24.2624835886;24.2577912088;24.185867679
24;2018-04-17 00:30:00;24.1433223322;24.2624835886;24.2577912088;24.185867679;24.040304679
25;2018-04-17 01:00:00;24.2624835886;24.2577912088;24.185867679;24.040304679;23.9757359307
26;2018-04-17 01:30:00;24.2577912088;24.185867679;24.040304679;23.9757359307;24.4100765027
27;2018-04-17 02:00:00;24.185867679;24.040304679;23.9757359307;24.4100765027;24.4211413043
28;2018-04-17 02:30:00;24.040304679;23.9757359307;24.4100765027;24.4211413043;24.4591912568
29;2018-04-17 03:00:00;23.9757359307;24.4100765027;24.4211413043;24.4591912568;24.4339347826
30;2018-04-17 03:30:00;24.4100765027;24.4211413043;24.4591912568;24.4339347826;24.4556126915
31;2018-04-17 04:00:00;24.4211413043;24.4591912568;24.4339347826;24.4556126915;24.3515418024
32;2018-04-17 04:30:00;24.4591912568;24.4339347826;24.4556126915;24.3515418024;24.3527759563
33;2018-04-17 05:00:00;24.4339347826;24.4556126915;24.3515418024;24.3527759563;24.464173913
34;2018-04-17 05:30:00;24.4556126915;24.3515418024;24.3527759563;24.464173913;24.52
35;2018-04-17 06:00:00;24.3515418024;24.3527759563;24.464173913;24.52;24.4036956522
36;2018-04-17 06:30:00;24.3527759563;24.464173913;24.52;24.4036956522;24.0887690632
37;2018-04-17 07:00:00;24.464173913;24.52;24.4036956522;24.0887690632;24.0771614301
38;2018-04-17 07:30:00;24.52;24.4036956522;24.0887690632;24.0771614301;24.3995519126
39;2018-04-17 08:00:00;24.4036956522;24.0887690632;24.0771614301;24.3995519126;24.4571956522
40;2018-04-17 08:30:00;24.0887690632;24.0771614301;24.3995519126;24.4571956522;24.1780806979
41;2018-04-17 09:00:00;24.0771614301;24.3995519126;24.4571956522;24.1780806979;24.3500108814
42;2018-04-17 09:30:00;24.3995519126;24.4571956522;24.1780806979;24.3500108814;24.3923960613
43;2018-04-17 10:00:00;24.4571956522;24.1780806979;24.3500108814;24.3923960613;24.1660769231
44;2018-04-17 10:30:00;24.1780806979;24.3500108814;24.3923960613;24.1660769231;24.08280837
45;2018-04-17 11:00:00;24.3500108814;24.3923960613;24.1660769231;24.08280837;24.52
46;2018-04-17 11:30:00;24.3923960613;24.1660769231;24.08280837;24.52;24.52
47;2018-04-17 12:00:00;24.1660769231;24.08280837;24.52;24.52;24.52
48;2018-04-17 12:30:00;24.08280837;24.52;24.52;24.52;24.52
49;2018-04-17 13:00:00;24.52;24.52;24.52;24.52;24.52
50;2018-04-17 13:30:00;24.52;24.52;24.52;24.52;24.52
51;2018-04-17 14:00:00;24.52;24.52;24.52;24.52;24.52
52;2018-04-17 14:30:00;24.52;24.52;24.52;24.52;24.52
53;2018-04-18 08:30:00;24.52;24.52;24.52;24.52;22.3205172414
54;2018-04-18 09:00:00;24.52;24.52;24.52;22.3205172414;22.35
55;2018-04-18 09:30:00;24.52;24.52;22.3205172414;22.35;22.35
56;2018-04-18 10:00:00;24.52;22.3205172414;22.35;22.35;22.35
57;2018-04-18 10:30:00;22.3205172414;22.35;22.35;22.35;22.35
58;2018-04-18 11:00:00;22.35;22.35;22.35;22.35;22.35
59;2018-04-18 11:30:00;22.35;22.35;22.35;22.35;22.35
60;2018-04-18 12:00:00;22.35;22.35;22.35;22.35;22.35
61;2018-04-18 12:30:00;22.35;22.35;22.35;22.35;22.3428712871
62;2018-04-18 13:00:00;22.35;22.35;22.35;22.3428712871;22.3369593853
63;2018-04-18 13:30:00;22.35;22.35;22.3428712871;22.3369593853;22.35
64;2018-04-18 14:00:00;22.35;22.3428712871;22.3369593853;22.35;22.35
65;2018-04-18 14:30:00;22.3428712871;22.3369593853;22.35;22.35;22.35
66;2018-04-18 15:00:00;22.3369593853;22.35;22.35;22.35;22.35
67;2018-04-18 15:30:00;22.35;22.35;22.35;22.35;22.35
68;2018-04-18 16:00:00;22.35;22.35;22.35;22.35;22.35
69;2018-04-18 16:30:00;22.35;22.35;22.35;22.35;22.35
70;2018-04-18 17:00:00;22.35;22.35;22.35;22.35;22.35
71;2018-04-18 17:30:00;22.35;22.35;22.35;22.35;22.35
72;2018-04-18 18:00:00;22.35;22.35;22.35;22.35;22.35
73;2018-04-18 18:30:00;22.35;22.35;22.35;22.35;22.35
74;2018-04-18 19:00:00;22.35;22.35;22.35;22.35;22.35
75;2018-04-18 19:30:00;22.35;22.35;22.35;22.35;22.35
76;2018-04-18 20:00:00;22.35;22.35;22.35;22.35;22.35
77;2018-04-18 20:30:00;22.35;22.35;22.35;22.35;22.35
78;2018-04-18 21:00:00;22.35;22.35;22.35;22.35;22.35
79;2018-04-18 21:30:00;22.35;22.35;22.35;22.35;22.35
80;2018-04-18 22:00:00;22.35;22.35;22.35;22.35;22.35
81;2018-04-18 22:30:00;22.35;22.35;22.35;22.35;22.35
82;2018-04-18 23:00:00;22.35;22.35;22.35;22.35;22.35
83;2018-04-18 23:30:00;22.35;22.35;22.35;22.35;22.35
84;2018-04-19 00:00:00;22.35;22.35;22.35;22.35;22.35
85;2018-04-19 00:30:00;22.35;22.35;22.35;22.35;22.35
86;2018-04-19 01:00:00;22.35;22.35;22.35;22.35;22.35
87;2018-04-19 01:30:00;22.35;22.35;22.35;22.35;22.35
88;2018-04-19 02:00:00;22.35;22.35;22.35;22.35;22.35
89;2018-04-19 02:30:00;22.35;22.35;22.35;22.35;22.35
90;2018-04-19 03:00:00;22.35;22.35;22.35;22.35;22.35
91;2018-04-19 03:30:00;22.35;22.35;22.35;22.35;22.35
92;2018-04-19 04:00:00;22.35;22.35;22.35;22.35;22.35
93;2018-04-19 04:30:00;22.35;22.35;22.35;22.35;22.35
94;2018-04-19 05:00:00;22.35;22.35;22.35;22.35;22.35
95;2018-04-19 05:30:00;22.35;22.35;22.35;22.35;22.35
96;2018-04-19 06:00:00;22.35;22.35;22.35;22.35;22.35
97;2018-04-19 06:30:00;22.35;22.35;22.35;22.35;22.35
98;2018-04-19 07:00:00;22.35;22.35;22.35;22.35;22.35
99;2018-04-19 07:30:00;22.35;22.35;22.35;22.35;22.35
100;2018-04-19 08:00:00;22.35;22.35;22.35;22.35;22.35
101;2018-04-19 08:30:00;22.35;22.35;22.35;22.35;22.35
102;2018-04-19 09:00:00;22.35;22.35;22.35;22.35;22.35
103;2018-04-19 09:30:00;22.35;22.35;22.35;22.35;22.35
104;2018-04-19 10:00:00;22.35;22.35;22.35;22.35;22.35
105;2018-04-19 10:30:00;22.35;22.35;22.35;22.35;22.35
106;2018-04-19 11:00:00;22.35;22.35;22.35;22.35;22.35
107;2018-04-19 11:30:00;22.35;22.35;22.35;22.35;22.35
108;2018-04-19 12:00:00;22.35;22.35;22.35;22.35;22.3688034188
109;2018-04-19 12:30:00;22.35;22.35;22.35;22.3688034188;22.3652614728
110;2018-04-19 13:00:00;22.35;22.35;22.3688034188;22.3652614728;22.35
111;2018-04-19 13:30:00;22.35;22.3688034188;22.3652614728;22.35;22.35
112;2018-04-19 14:00:00;22.3688034188;22.3652614728;22.35;22.35;22.35
113;2018-04-19 14:30:00;22.3652614728;22.35;22.35;22.35;22.35
114;2018-04-19 15:00:00;22.35;22.35;22.35;22.35;22.35
115;2018-04-19 15:30:00;22.35;22.35;22.35;22.35;22.35
116;2018-04-19 16:00:00;22.35;22.35;22.35;22.35;22.35
117;2018-04-19 16:30:00;22.35;22.35;22.35;22.35;22.35
118;2018-04-19 17:00:00;22.35;22.35;22.35;22.35;22.35
119;2018-04-19 17:30:00;22.35;22.35;22.35;22.35;22.35
120;2018-04-19 18:00:00;22.35;22.35;22.35;22.35;22.35
121;2018-04-19 18:30:00;22.35;22.35;22.35;22.35;22.35
122;2018-04-19 19:00:00;22.35;22.35;22.35;22.35;22.35
123;2018-04-19 19:30:00;22.35;22.35;22.35;22.35;22.35
124;2018-04-19 20:00:00;22.35;22.35;22.35;22.35;22.35
125;2018-04-19 20:30:00;22.35;22.35;22.35;22.35;22.35
126;2018-04-19 21:00:00;22.35;22.35;22.35;22.35;22.35
127;2018-04-19 21:30:00;22.35;22.35;22.35;22.35;22.35
128;2018-04-19 22:00:00;22.35;22.35;22.35;22.35;22.35
129;2018-04-19 22:30:00;22.35;22.35;22.35;22.35;22.35
130;2018-04-19 23:00:00;22.35;22.35;22.35;22.35;22.35
131;2018-04-19 23:30:00;22.35;22.35;22.35;22.35;22.35
132;2018-04-20 00:00:00;22.35;22.35;22.35;22.35;22.35
133;2018-04-20 00:30:00;22.35;22.35;22.35;22.35;22.35
134;2018-04-20 01:00:00;22.35;22.35;22.35;22.35;22.35
135;2018-04-20 01:30:00;22.35;22.35;22.35;22.35;22.35
136;2018-04-20 02:00:00;22.35;22.35;22.35;22.35;22.35
137;2018-04-20 02:30:00;22.35;22.35;22.35;22.35;22.35
138;2018-04-20 03:00:00;22.35;22.35;22.35;22.35;22.35
139;2018-04-20 03:30:00;22.35;22.35;22.35;22.35;22.35
140;2018-04-20 04:00:00;22.35;22.35;22.35;22.35;22.35
141;2018-04-20 04:30:00;22.35;22.35;22.35;22.35;22.35
142;2018-04-20 05:00:00;22.35;22.35;22.35;22.35;22.35
143;2018-04-20 05:30:00;22.35;22.35;22.35;22.35;22.35
144;2018-04-20 06:00:00;22.35;22.35;22.35;22.35;22.35
145;2018-04-20 06:30:00;22.35;22.35;22.35;22.35;22.35
146;2018-04-20 07:00:00;22.35;22.35;22.35;22.35;22.35
147;2018-04-20 07:30:00;22.35;22.35;22.35;22.35;22.35
148;2018-04-20 08:00:00;22.35;22.35;22.35;22.35;22.3619305857
149;2018-04-20 08:30:00;22.35;22.35;22.35;22.3619305857;22.352357985
150;2018-04-20 09:00:00;22.35;22.35;22.3619305857;22.352357985;22.35
151;2018-04-20 09:30:00;22.35;22.3619305857;22.352357985;22.35;22.35
152;2018-04-20 10:00:00;22.3619305857;22.352357985;22.35;22.35;22.35
153;2018-04-20 10:30:00;22.352357985;22.35;22.35;22.35;22.35
154;2018-04-20 11:00:00;22.35;22.35;22.35;22.35;22.35
155;2018-04-20 11:30:00;22.35;22.35;22.35;22.35;22.35
156;2018-04-20 12:00:00;22.35;22.35;22.35;22.35;22.35
157;2018-04-20 12:30:00;22.35;22.35;22.35;22.35;22.35
158;2018-04-20 13:00:00;22.35;22.35;22.35;22.35;22.35
159;2018-04-20 13:30:00;22.35;22.35;22.35;22.35;22.35
160;2018-04-20 14:00:00;22.35;22.35;22.35;22.35;22.3511752137
161;2018-04-20 14:30:00;22.35;22.35;22.35;22.3511752137;22.3886993603
162;2018-04-20 15:00:00;22.35;22.35;22.3511752137;22.3886993603;22.4534188034
163;2018-04-20 15:30:00;22.35;22.3511752137;22.3886993603;22.4534188034;22.3511727079
164;2018-04-20 16:00:00;22.3511752137;22.3886993603;22.4534188034;22.3511727079;22.35
165;2018-04-20 16:30:00;22.3886993603;22.4534188034;22.3511727079;22.35;22.35
166;2018-04-20 17:00:00;22.4534188034;22.3511727079;22.35;22.35;22.35
167;2018-04-20 17:30:00;22.3511727079;22.35;22.35;22.35;22.35
168;2018-04-20 18:00:00;22.35;22.35;22.35;22.35;22.35
169;2018-04-20 18:30:00;22.35;22.35;22.35;22.35;22.35
170;2018-04-20 19:00:00;22.35;22.35;22.35;22.35;22.35
171;2018-04-20 19:30:00;22.35;22.35;22.35;22.35;22.35
172;2018-04-20 20:00:00;22.35;22.35;22.35;22.35;22.35
173;2018-04-20 20:30:00;22.35;22.35;22.35;22.35;22.35
174;2018-04-20 21:00:00;22.35;22.35;22.35;22.35;22.35
175;2018-04-20 21:30:00;22.35;22.35;22.35;22.35;22.35
176;2018-04-20 22:00:00;22.35;22.35;22.35;22.35;22.35
177;2018-04-20 22:30:00;22.35;22.35;22.35;22.35;22.35
178;2018-04-20 23:00:00;22.35;22.35;22.35;22.35;22.35
179;2018-04-20 23:30:00;22.35;22.35;22.35;22.35;22.35
180;2018-04-21 00:00:00;22.35;22.35;22.35;22.35;22.35
181;2018-04-21 00:30:00;22.35;22.35;22.35;22.35;22.3688436831
182;2018-04-21 01:00:00;22.35;22.35;22.35;22.3688436831;22.35
183;2018-04-21 01:30:00;22.35;22.35;22.3688436831;22.35;22.35
184;2018-04-21 02:00:00;22.35;22.3688436831;22.35;22.35;22.3971596999
185;2018-04-21 02:30:00;22.3688436831;22.35;22.35;22.3971596999;22.3983905579
186;2018-04-21 03:00:00;22.35;22.35;22.3971596999;22.3983905579;22.35
187;2018-04-21 03:30:00;22.35;22.3971596999;22.3983905579;22.35;22.35
188;2018-04-21 04:00:00;22.3971596999;22.3983905579;22.35;22.35;22.35
189;2018-04-21 04:30:00;22.3983905579;22.35;22.35;22.35;22.35
190;2018-04-21 05:00:00;22.35;22.35;22.35;22.35;22.35
191;2018-04-21 05:30:00;22.35;22.35;22.35;22.35;22.8764453961
192;2018-04-21 06:00:00;22.35;22.35;22.35;22.8764453961;22.9424892704
193;2018-04-21 06:30:00;22.35;22.35;22.8764453961;22.9424892704;22.3511789925
194;2018-04-21 07:00:00;22.35;22.8764453961;22.9424892704;22.3511789925;22.6982352941
195;2018-04-21 07:30:00;22.8764453961;22.9424892704;22.3511789925;22.6982352941;22.6817647059
196;2018-04-21 08:00:00;22.9424892704;22.3511789925;22.6982352941;22.6817647059;22.5127009646
197;2018-04-21 08:30:00;22.3511789925;22.6982352941;22.6817647059;22.5127009646;22.7610278373
198;2018-04-21 09:00:00;22.6982352941;22.6817647059;22.5127009646;22.7610278373;22.4904506438
199;2018-04-21 09:30:00;22.6817647059;22.5127009646;22.7610278373;22.4904506438;22.586977492
200;2018-04-21 10:00:00;22.5127009646;22.7610278373;22.4904506438;22.586977492;22.4719616205
201;2018-04-21 10:30:00;22.7610278373;22.4904506438;22.586977492;22.4719616205;22.381629393
202;2018-04-21 11:00:00;22.4904506438;22.586977492;22.4719616205;22.381629393;22.35
203;2018-04-21 11:30:00;22.586977492;22.4719616205;22.381629393;22.35;22.372257721
204;2018-04-21 12:00:00;22.4719616205;22.381629393;22.35;22.372257721;22.35
205;2018-04-21 12:30:00;22.381629393;22.35;22.372257721;22.35;22.35
206;2018-04-21 13:00:00;22.35;22.372257721;22.35;22.35;22.35
207;2018-04-21 13:30:00;22.372257721;22.35;22.35;22.35;22.35
208;2018-04-21 14:00:00;22.35;22.35;22.35;22.35;22.35
209;2018-04-21 14:30:00;22.35;22.35;22.35;22.35;22.35
210;2018-04-21 15:00:00;22.35;22.35;22.35;22.35;22.35
211;2018-04-21 15:30:00;22.35;22.35;22.35;22.35;22.35
212;2018-04-21 16:00:00;22.35;22.35;22.35;22.35;22.35
213;2018-04-21 16:30:00;22.35;22.35;22.35;22.35;22.35
214;2018-04-21 17:00:00;22.35;22.35;22.35;22.35;22.35
215;2018-04-21 17:30:00;22.35;22.35;22.35;22.35;22.371108742
216;2018-04-21 18:00:00;22.35;22.35;22.35;22.371108742;22.35
217;2018-04-21 18:30:00;22.35;22.35;22.371108742;22.35;22.3535218783
218;2018-04-21 19:00:00;22.35;22.371108742;22.35;22.3535218783;22.3734541578
219;2018-04-21 19:30:00;22.371108742;22.35;22.3535218783;22.3734541578;22.4180170576
220;2018-04-21 20:00:00;22.35;22.3535218783;22.3734541578;22.4180170576;22.35
221;2018-04-21 20:30:00;22.3535218783;22.3734541578;22.4180170576;22.35;22.35
222;2018-04-21 21:00:00;22.3734541578;22.4180170576;22.35;22.35;22.35
223;2018-04-21 21:30:00;22.4180170576;22.35;22.35;22.35;22.3523479189
224;2018-04-21 22:00:00;22.35;22.35;22.35;22.3523479189;22.35
225;2018-04-21 22:30:00;22.35;22.35;22.3523479189;22.35;22.387486688
226;2018-04-21 23:00:00;22.35;22.3523479189;22.35;22.387486688;22.3711764706
227;2018-04-21 23:30:00;22.3523479189;22.35;22.387486688;22.3711764706;22.3793489861
228;2018-04-22 00:00:00;22.35;22.387486688;22.3711764706;22.3793489861;22.4620042872
229;2018-04-22 00:30:00;22.387486688;22.3711764706;22.3793489861;22.4620042872;22.5042826552
230;2018-04-22 01:00:00;22.3711764706;22.3793489861;22.4620042872;22.5042826552;22.3983905579
231;2018-04-22 01:30:00;22.3793489861;22.4620042872;22.5042826552;22.3983905579;22.5138799571
232;2018-04-22 02:00:00;22.4620042872;22.5042826552;22.3983905579;22.5138799571;22.6158823529
233;2018-04-22 02:30:00;22.5042826552;22.3983905579;22.5138799571;22.6158823529;22.6782352941
234;2018-04-22 03:00:00;22.3983905579;22.5138799571;22.6158823529;22.6782352941;22.4314377682
235;2018-04-22 03:30:00;22.5138799571;22.6158823529;22.6782352941;22.4314377682;22.36414791
236;2018-04-22 04:00:00;22.6158823529;22.6782352941;22.4314377682;22.36414791;22.6637820513
237;2018-04-22 04:30:00;22.6782352941;22.4314377682;22.36414791;22.6637820513;22.5608137045
238;2018-04-22 05:00:00;22.4314377682;22.36414791;22.6637820513;22.5608137045;22.3935294118
239;2018-04-22 05:30:00;22.36414791;22.6637820513;22.5608137045;22.3935294118;22.4136655949
240;2018-04-22 06:00:00;22.6637820513;22.5608137045;22.3935294118;22.4136655949;22.4406852248
241;2018-04-22 06:30:00;22.5608137045;22.3935294118;22.4136655949;22.4406852248;22.3594420601
242;2018-04-22 07:00:00;22.3935294118;22.4136655949;22.4406852248;22.3594420601;22.3995176849
243;2018-04-22 07:30:00;22.4136655949;22.4406852248;22.3594420601;22.3995176849;22.3653269025
244;2018-04-22 08:00:00;22.4406852248;22.3594420601;22.3995176849;22.3653269025;22.3582618026
245;2018-04-22 08:30:00;22.3594420601;22.3995176849;22.3653269025;22.3582618026;22.4148445874
246;2018-04-22 09:00:00;22.3995176849;22.3653269025;22.3582618026;22.4148445874;22.4349785408
247;2018-04-22 09:30:00;22.3653269025;22.3582618026;22.4148445874;22.4349785408;22.3747854077
248;2018-04-22 10:00:00;22.3582618026;22.4148445874;22.4349785408;22.3747854077;22.6120726496
249;2018-04-22 10:30:00;22.4148445874;22.4349785408;22.3747854077;22.6120726496;22.5192307692
250;2018-04-22 11:00:00;22.4349785408;22.3747854077;22.6120726496;22.5192307692;22.3770010672
251;2018-04-22 11:30:00;22.3747854077;22.6120726496;22.5192307692;22.3770010672;22.3946104589
252;2018-04-22 12:00:00;22.6120726496;22.5192307692;22.3770010672;22.3946104589;22.3770299145
253;2018-04-22 12:30:00;22.5192307692;22.3770010672;22.3946104589;22.3770299145;22.366400426
254;2018-04-22 13:00:00;22.3770010672;22.3946104589;22.3770299145;22.366400426;22.3746794872
255;2018-04-22 13:30:00;22.3946104589;22.3770299145;22.366400426;22.3746794872;22.365228967
256;2018-04-22 14:00:00;22.3770299145;22.366400426;22.3746794872;22.365228967;22.3523504274
257;2018-04-22 14:30:00;22.366400426;22.3746794872;22.365228967;22.3523504274;22.3570437567
258;2018-04-22 15:00:00;22.3746794872;22.365228967;22.3523504274;22.3570437567;22.3805555556
259;2018-04-22 15:30:00;22.365228967;22.3523504274;22.3570437567;22.3805555556;22.3511739594
260;2018-04-22 16:00:00;22.3523504274;22.3570437567;22.3805555556;22.3511739594;22.3723290598
261;2018-04-22 16:30:00;22.3570437567;22.3805555556;22.3511739594;22.3723290598;22.4144989339
262;2018-04-22 17:00:00;22.3805555556;22.3511739594;22.3723290598;22.4144989339;22.4497865528
263;2018-04-22 17:30:00;22.3511739594;22.3723290598;22.4144989339;22.4497865528;22.4262260128
264;2018-04-22 18:00:00;22.3723290598;22.4144989339;22.4497865528;22.4262260128;22.4932230523
265;2018-04-22 18:30:00;22.4144989339;22.4497865528;22.4262260128;22.4932230523;22.5664893617
266;2018-04-22 19:00:00;22.4497865528;22.4262260128;22.4932230523;22.5664893617;22.7577991453
267;2018-04-22 19:30:00;22.4262260128;22.4932230523;22.5664893617;22.7577991453;22.6337953092
268;2018-04-22 20:00:00;22.4932230523;22.5664893617;22.7577991453;22.6337953092;22.5110042735
269;2018-04-22 20:30:00;22.5664893617;22.7577991453;22.6337953092;22.5110042735;22.6869263607
270;2018-04-22 21:00:00;22.7577991453;22.6337953092;22.5110042735;22.6869263607;22.4792735043
271;2018-04-22 21:30:00;22.6337953092;22.5110042735;22.6869263607;22.4792735043;22.4954157783
272;2018-04-22 22:00:00;22.5110042735;22.6869263607;22.4792735043;22.4954157783;22.7519230769
273;2018-04-22 22:30:00;22.6869263607;22.4792735043;22.4954157783;22.7519230769;22.4602345416
274;2018-04-22 23:00:00;22.4792735043;22.4954157783;22.7519230769;22.4602345416;22.479135539
275;2018-04-22 23:30:00;22.4954157783;22.7519230769;22.4602345416;22.479135539;22.9
276;2018-04-23 00:00:00;22.7519230769;22.4602345416;22.479135539;22.9;23.2189174705
277;2018-04-23 00:30:00;22.4602345416;22.479135539;22.9;23.2189174705;23.0377944325
278;2018-04-23 01:00:00;22.479135539;22.9;23.2189174705;23.0377944325;22.8470021413
279;2018-04-23 01:30:00;22.9;23.2189174705;23.0377944325;22.8470021413;23.1755888651
280;2018-04-23 02:00:00;23.2189174705;23.0377944325;22.8470021413;23.1755888651;23.0727224009
281;2018-04-23 02:30:00;23.0377944325;22.8470021413;23.1755888651;23.0727224009;23.199143469
282;2018-04-23 03:00:00;22.8470021413;23.1755888651;23.0727224009;23.199143469;22.9176659529
283;2018-04-23 03:30:00;23.1755888651;23.0727224009;23.199143469;22.9176659529;23.0034188034
284;2018-04-23 04:00:00;23.0727224009;23.199143469;22.9176659529;23.0034188034;23.0504273504
285;2018-04-23 04:30:00;23.199143469;22.9176659529;23.0034188034;23.0504273504;23.0644694534
286;2018-04-23 05:00:00;22.9176659529;23.0034188034;23.0504273504;23.0644694534;22.9235546039
287;2018-04-23 05:30:00;23.0034188034;23.0504273504;23.0644694534;22.9235546039;23.45
288;2018-04-23 06:00:00;23.0504273504;23.0644694534;22.9235546039;23.45;23.45
289;2018-04-23 06:30:00;23.0644694534;22.9235546039;23.45;23.45;23.45
290;2018-04-23 07:00:00;22.9235546039;23.45;23.45;23.45;23.45
291;2018-04-23 07:30:00;23.45;23.45;23.45;23.45;23.45
292;2018-04-23 08:00:00;23.45;23.45;23.45;23.45;23.45
293;2018-04-23 08:30:00;23.45;23.45;23.45;23.45;23.45
294;2018-04-23 09:00:00;23.45;23.45;23.45;23.45;23.45
295;2018-04-23 09:30:00;23.45;23.45;23.45;23.45;23.45
296;2018-04-23 10:00:00;23.45;23.45;23.45;23.45;23.45
297;2018-04-23 10:30:00;23.45;23.45;23.45;23.45;23.45
298;2018-04-23 11:00:00;23.45;23.45;23.45;23.45;23.45
299;2018-04-23 11:30:00;23.45;23.45;23.45;23.45;23.45
300;2018-04-23 12:00:00;23.45;23.45;23.45;23.45;23.45
301;2018-04-23 12:30:00;23.45;23.45;23.45;23.45;23.45
302;2018-04-23 13:00:00;23.45;23.45;23.45;23.45;23.45
303;2018-04-23 13:30:00;23.45;23.45;23.45;23.45;23.45
304;2018-04-23 14:00:00;23.45;23.45;23.45;23.45;23.45
305;2018-04-23 14:30:00;23.45;23.45;23.45;23.45;23.45
306;2018-04-23 15:00:00;23.45;23.45;23.45;23.45;23.4842582711
307;2018-04-23 15:30:00;23.45;23.45;23.45;23.4842582711;23.9519189765
308;2018-04-23 16:00:00;23.45;23.45;23.4842582711;23.9519189765;23.45
309;2018-04-23 16:30:00;23.45;23.4842582711;23.9519189765;23.45;23.45
310;2018-04-23 17:00:00;23.4842582711;23.9519189765;23.45;23.45;23.45
311;2018-04-23 17:30:00;23.9519189765;23.45;23.45;23.45;23.45
312;2018-04-23 18:00:00;23.45;23.45;23.45;23.45;23.45
313;2018-04-23 18:30:00;23.45;23.45;23.45;23.45;23.4429637527
314;2018-04-23 19:00:00;23.45;23.45;23.45;23.4429637527;23.45
315;2018-04-23 19:30:00;23.45;23.45;23.4429637527;23.45;23.45
316;2018-04-23 20:00:00;23.45;23.4429637527;23.45;23.45;23.45
317;2018-04-23 20:30:00;23.4429637527;23.45;23.45;23.45;23.45
318;2018-04-23 21:00:00;23.45;23.45;23.45;23.45;23.45
319;2018-04-23 21:30:00;23.45;23.45;23.45;23.45;23.4488297872
320;2018-04-23 22:00:00;23.45;23.45;23.45;23.4488297872;23.45
321;2018-04-23 22:30:00;23.45;23.45;23.4488297872;23.45;23.4218550107
322;2018-04-23 23:00:00;23.45;23.4488297872;23.45;23.4218550107;23.45
323;2018-04-23 23:30:00;23.4488297872;23.45;23.4218550107;23.45;23.45
324;2018-04-24 00:00:00;23.45;23.4218550107;23.45;23.45;23.45
325;2018-04-24 00:30:00;23.4218550107;23.45;23.45;23.45;23.45
326;2018-04-24 01:00:00;23.45;23.45;23.45;23.45;23.45
327;2018-04-24 01:30:00;23.45;23.45;23.45;23.45;23.45
328;2018-04-24 02:00:00;23.45;23.45;23.45;23.45;23.45
329;2018-04-24 02:30:00;23.45;23.45;23.45;23.45;23.45
330;2018-04-24 03:00:00;23.45;23.45;23.45;23.45;23.45
331;2018-04-24 03:30:00;23.45;23.45;23.45;23.45;23.45
332;2018-04-24 04:00:00;23.45;23.45;23.45;23.45;23.45
333;2018-04-24 04:30:00;23.45;23.45;23.45;23.45;23.2841176471
334;2018-04-24 05:00:00;23.45;23.45;23.45;23.2841176471;22.8441176471
335;2018-04-24 05:30:00;23.45;23.45;23.2841176471;22.8441176471;22.5619914347
336;2018-04-24 06:00:00;23.45;23.2841176471;22.8441176471;22.5619914347;22.5867237687
337;2018-04-24 06:30:00;23.2841176471;22.8441176471;22.5619914347;22.5867237687;22.5056270096
338;2018-04-24 07:00:00;22.8441176471;22.5619914347;22.5867237687;22.5056270096;22.5052941176
339;2018-04-24 07:30:00;22.5619914347;22.5867237687;22.5056270096;22.5052941176;22.6423901393
340;2018-04-24 08:00:00;22.5867237687;22.5056270096;22.5052941176;22.6423901393;22.6479657388
341;2018-04-24 08:30:00;22.5056270096;22.5052941176;22.6423901393;22.6479657388;22.4396995708
342;2018-04-24 09:00:00;22.5052941176;22.6423901393;22.6479657388;22.4396995708;22.3959807074
343;2018-04-24 09:30:00;22.6423901393;22.6479657388;22.4396995708;22.3959807074;22.4443193998
344;2018-04-24 10:00:00;22.6479657388;22.4396995708;22.3959807074;22.4443193998;22.4016542156
345;2018-04-24 10:30:00;22.4396995708;22.3959807074;22.4443193998;22.4016542156;22.360554371
346;2018-04-24 11:00:00;22.3959807074;22.4443193998;22.4016542156;22.360554371;22.3629273504
347;2018-04-24 11:30:00;22.4443193998;22.4016542156;22.360554371;22.3629273504;22.391001065
348;2018-04-24 12:00:00;22.4016542156;22.360554371;22.3629273504;22.391001065;22.3652777778
349;2018-04-24 12:30:00;22.360554371;22.3629273504;22.391001065;22.3652777778;22.3535181237
350;2018-04-24 13:00:00;22.3629273504;22.391001065;22.3652777778;22.3535181237;22.3852564103
351;2018-04-24 13:30:00;22.391001065;22.3652777778;22.3535181237;22.3852564103;22.35
352;2018-04-24 14:00:00;22.3652777778;22.3535181237;22.3852564103;22.35;22.4193376068
353;2018-04-24 14:30:00;22.3535181237;22.3852564103;22.35;22.4193376068;22.353514377
354;2018-04-24 15:00:00;22.3852564103;22.35;22.4193376068;22.353514377;22.3511764706
355;2018-04-24 15:30:00;22.35;22.4193376068;22.353514377;22.3511764706;22.3570362473
356;2018-04-24 16:00:00;22.4193376068;22.353514377;22.3511764706;22.3570362473;22.3805229456
357;2018-04-24 16:30:00;22.353514377;22.3511764706;22.3570362473;22.3805229456;22.3546908316
358;2018-04-24 17:00:00;22.3511764706;22.3570362473;22.3805229456;22.3546908316;22.35
359;2018-04-24 17:30:00;22.3570362473;22.3805229456;22.3546908316;22.35;22.35
360;2018-04-24 18:00:00;22.3805229456;22.3546908316;22.35;22.35;22.35
361;2018-04-24 18:30:00;22.3546908316;22.35;22.35;22.35;22.376943557
362;2018-04-24 19:00:00;22.35;22.35;22.35;22.376943557;22.3782051282
363;2018-04-24 19:30:00;22.35;22.35;22.376943557;22.3782051282;22.3582089552
364;2018-04-24 20:00:00;22.35;22.376943557;22.3782051282;22.3582089552;22.479135539
365;2018-04-24 20:30:00;22.376943557;22.3782051282;22.3582089552;22.479135539;22.8267838126
366;2018-04-24 21:00:00;22.3782051282;22.3582089552;22.479135539;22.8267838126;22.8435897436
367;2018-04-24 21:30:00;22.3582089552;22.479135539;22.8267838126;22.8435897436;22.847228145
368;2018-04-24 22:00:00;22.479135539;22.8267838126;22.8435897436;22.847228145;22.5472251868
369;2018-04-24 22:30:00;22.8267838126;22.8435897436;22.847228145;22.5472251868;22.4894036209
370;2018-04-24 23:00:00;22.8435897436;22.847228145;22.5472251868;22.4894036209;22.5965314835
371;2018-04-24 23:30:00;22.847228145;22.5472251868;22.4894036209;22.5965314835;22.6252928647
372;2018-04-25 00:00:00;22.5472251868;22.4894036209;22.5965314835;22.6252928647;22.791416309
373;2018-04-25 00:30:00;22.4894036209;22.5965314835;22.6252928647;22.791416309;22.3724248927
374;2018-04-25 01:00:00;22.5965314835;22.6252928647;22.791416309;22.3724248927;22.36886388
375;2018-04-25 01:30:00;22.6252928647;22.791416309;22.3724248927;22.36886388;22.35
376;2018-04-25 02:00:00;22.791416309;22.3724248927;22.36886388;22.35;22.35
377;2018-04-25 02:30:00;22.3724248927;22.36886388;22.35;22.35;22.35
378;2018-04-25 03:00:00;22.36886388;22.35;22.35;22.35;22.352360515
379;2018-04-25 03:30:00;22.35;22.35;22.35;22.352360515;22.3535369775
380;2018-04-25 04:00:00;22.35;22.35;22.352360515;22.3535369775;22.35
381;2018-04-25 04:30:00;22.35;22.352360515;22.3535369775;22.35;22.3865487674
382;2018-04-25 05:00:00;22.352360515;22.3535369775;22.35;22.3865487674;22.4950160772
383;2018-04-25 05:30:00;22.3535369775;22.35;22.3865487674;22.4950160772;22.8982352941
384;2018-04-25 06:00:00;22.35;22.3865487674;22.4950160772;22.8982352941;23.0476470588
385;2018-04-25 06:30:00;22.3865487674;22.4950160772;22.8982352941;23.0476470588;22.8034261242
386;2018-04-25 07:00:00;22.4950160772;22.8982352941;23.0476470588;22.8034261242;22.8858369099
387;2018-04-25 07:30:00;22.8982352941;23.0476470588;22.8034261242;22.8858369099;22.9748660236
388;2018-04-25 08:00:00;23.0476470588;22.8034261242;22.8858369099;22.9748660236;22.8823340471
389;2018-04-25 08:30:00;22.8034261242;22.8858369099;22.9748660236;22.8823340471;23.2302350427
390;2018-04-25 09:00:00;22.8858369099;22.9748660236;22.8823340471;23.2302350427;23.1187031083
391;2018-04-25 09:30:00;22.9748660236;22.8823340471;23.2302350427;23.1187031083;23.0005882353
392;2018-04-25 10:00:00;22.8823340471;23.2302350427;23.1187031083;23.0005882353;22.6998399146
393;2018-04-25 10:30:00;23.2302350427;23.1187031083;23.0005882353;22.6998399146;22.7272097977
394;2018-04-25 11:00:00;23.1187031083;23.0005882353;22.6998399146;22.7272097977;22.5429411765
395;2018-04-25 11:30:00;23.0005882353;22.6998399146;22.7272097977;22.5429411765;22.7892971246
396;2018-04-25 12:00:00;22.6998399146;22.7272097977;22.5429411765;22.7892971246;22.7397545358
397;2018-04-25 12:30:00;22.7272097977;22.5429411765;22.7892971246;22.7397545358;22.6998399146
398;2018-04-25 13:00:00;22.5429411765;22.7892971246;22.7397545358;22.6998399146;22.6681430096
399;2018-04-25 13:30:00;22.7892971246;22.7397545358;22.6998399146;22.6681430096;22.4202875399
400;2018-04-25 14:00:00;22.7397545358;22.6998399146;22.6681430096;22.4202875399;22.7440298507
401;2018-04-25 14:30:00;22.6998399146;22.6681430096;22.4202875399;22.7440298507;22.798452508
402;2018-04-25 15:00:00;22.6681430096;22.4202875399;22.7440298507;22.798452508;22.6305763074
403;2018-04-25 15:30:00;22.4202875399;22.7440298507;22.798452508;22.6305763074;22.4484025559
404;2018-04-25 16:00:00;22.7440298507;22.798452508;22.6305763074;22.4484025559;22.5364605544
405;2018-04-25 16:30:00;22.798452508;22.6305763074;22.4484025559;22.5364605544;22.4848614072
406;2018-04-25 17:00:00;22.6305763074;22.4484025559;22.5364605544;22.4848614072;22.5542689434
407;2018-04-25 17:30:00;22.4484025559;22.5364605544;22.4848614072;22.5542689434;22.6713219616
408;2018-04-25 18:00:00;22.5364605544;22.4848614072;22.5542689434;22.6713219616;22.542529349
409;2018-04-25 18:30:00;22.4848614072;22.5542689434;22.6713219616;22.542529349;22.4472310969
410;2018-04-25 19:00:00;22.5542689434;22.6713219616;22.542529349;22.4472310969;22.447542735
411;2018-04-25 19:30:00;22.6713219616;22.542529349;22.4472310969;22.447542735;22.5760915868
412;2018-04-25 20:00:00;22.542529349;22.4472310969;22.447542735;22.5760915868;22.4908751334
413;2018-04-25 20:30:00;22.4472310969;22.447542735;22.5760915868;22.4908751334;22.7201810437
414;2018-04-25 21:00:00;22.447542735;22.5760915868;22.4908751334;22.7201810437;22.5638888889
415;2018-04-25 21:30:00;22.5760915868;22.4908751334;22.7201810437;22.5638888889;22.8420127796
416;2018-04-25 22:00:00;22.4908751334;22.7201810437;22.5638888889;22.8420127796;22.5805882353
417;2018-04-25 22:30:00;22.7201810437;22.5638888889;22.8420127796;22.5805882353;22.4590618337
418;2018-04-25 23:00:00;22.5638888889;22.8420127796;22.5805882353;22.4590618337;22.5439102564
419;2018-04-25 23:30:00;22.8420127796;22.5805882353;22.4590618337;22.5439102564;22.6267590618
420;2018-04-26 00:00:00;22.5805882353;22.4590618337;22.5439102564;22.6267590618;22.582012848
421;2018-04-26 00:30:00;22.4590618337;22.5439102564;22.6267590618;22.582012848;22.579903537
422;2018-04-26 01:00:00;22.5439102564;22.6267590618;22.582012848;22.579903537;22.673875803
423;2018-04-26 01:30:00;22.6267590618;22.582012848;22.579903537;22.673875803;22.772079314
424;2018-04-26 02:00:00;22.582012848;22.579903537;22.673875803;22.772079314;22.7430257511
425;2018-04-26 02:30:00;22.579903537;22.673875803;22.772079314;22.7430257511;22.582012848
426;2018-04-26 03:00:00;22.673875803;22.772079314;22.7430257511;22.582012848;22.8723529412
427;2018-04-26 03:30:00;22.772079314;22.7430257511;22.582012848;22.8723529412;22.863490364
428;2018-04-26 04:00:00;22.7430257511;22.582012848;22.8723529412;22.863490364;22.9822649573
429;2018-04-26 04:30:00;22.582012848;22.8723529412;22.863490364;22.9822649573;22.589335477
430;2018-04-26 05:00:00;22.8723529412;22.863490364;22.9822649573;22.589335477;22.6270632369
431;2018-04-26 05:30:00;22.863490364;22.9822649573;22.589335477;22.6270632369;22.6041176471
432;2018-04-26 06:00:00;22.9822649573;22.589335477;22.6270632369;22.6041176471;22.5973233405
433;2018-04-26 06:30:00;22.589335477;22.6270632369;22.6041176471;22.5973233405;22.7763383298
434;2018-04-26 07:00:00;22.6270632369;22.6041176471;22.5973233405;22.7763383298;22.8010706638
435;2018-04-26 07:30:00;22.6041176471;22.5973233405;22.7763383298;22.8010706638;22.8333869239
436;2018-04-26 08:00:00;22.5973233405;22.7763383298;22.8010706638;22.8333869239;22.9
437;2018-04-26 08:30:00;22.7763383298;22.8010706638;22.8333869239;22.9;22.6605882353
438;2018-04-26 09:00:00;22.8010706638;22.8333869239;22.9;22.6605882353;22.8988222698
439;2018-04-26 09:30:00;22.8333869239;22.9;22.6605882353;22.8988222698;23.0582352941
440;2018-04-26 10:00:00;22.9;22.6605882353;22.8988222698;23.0582352941;22.819583778
441;2018-04-26 10:30:00;22.6605882353;22.8988222698;23.0582352941;22.819583778;22.773347548
442;2018-04-26 11:00:00;22.8988222698;23.0582352941;22.819583778;22.773347548;22.7949306297
443;2018-04-26 11:30:00;23.0582352941;22.819583778;22.773347548;22.7949306297;22.7968017058
444;2018-04-26 12:00:00;22.819583778;22.773347548;22.7949306297;22.7968017058;22.7890608324
445;2018-04-26 12:30:00;22.773347548;22.7949306297;22.7968017058;22.7890608324;22.6056503198
446;2018-04-26 13:00:00;22.7949306297;22.7968017058;22.7890608324;22.6056503198;22.4510683761
447;2018-04-26 13:30:00;22.7968017058;22.7890608324;22.6056503198;22.4510683761;22.5690628328
448;2018-04-26 14:00:00;22.7890608324;22.6056503198;22.4510683761;22.5690628328;22.3582264957
449;2018-04-26 14:30:00;22.6056503198;22.4510683761;22.5690628328;22.3582264957;22.35
450;2018-04-26 15:00:00;22.4510683761;22.5690628328;22.3582264957;22.35;22.3523479189
451;2018-04-26 15:30:00;22.5690628328;22.3582264957;22.35;22.3523479189;22.3628997868
452;2018-04-26 16:00:00;22.3582264957;22.35;22.3523479189;22.3628997868;22.3687633262
453;2018-04-26 16:30:00;22.35;22.3523479189;22.3628997868;22.3687633262;22.4015991471
454;2018-04-26 17:00:00;22.3523479189;22.3628997868;22.3687633262;22.4015991471;22.3782051282
455;2018-04-26 17:30:00;22.3628997868;22.3687633262;22.4015991471;22.3782051282;22.4989339019
456;2018-04-26 18:00:00;22.3687633262;22.4015991471;22.3782051282;22.4989339019;22.4615261473
457;2018-04-26 18:30:00;22.4015991471;22.3782051282;22.4989339019;22.4615261473;22.4414712154
458;2018-04-26 19:00:00;22.3782051282;22.4989339019;22.4615261473;22.4414712154;22.4004802561
459;2018-04-26 19:30:00;22.4989339019;22.4615261473;22.4414712154;22.4004802561;22.4390308839
460;2018-04-26 20:00:00;22.4615261473;22.4414712154;22.4004802561;22.4390308839;22.3758547009
461;2018-04-26 20:30:00;22.4414712154;22.4004802561;22.4390308839;22.3758547009;22.392172524
462;2018-04-26 21:00:00;22.4004802561;22.4390308839;22.3758547009;22.392172524;22.6138592751
463;2018-04-26 21:30:00;22.4390308839;22.3758547009;22.392172524;22.6138592751;22.5493603412
464;2018-04-26 22:00:00;22.3758547009;22.392172524;22.6138592751;22.5493603412;22.6540554963
465;2018-04-26 22:30:00;22.392172524;22.6138592751;22.5493603412;22.6540554963;22.5386048988
466;2018-04-26 23:00:00;22.6138592751;22.5493603412;22.6540554963;22.5386048988;22.4299145299
467;2018-04-26 23:30:00;22.5493603412;22.6540554963;22.5386048988;22.4299145299;22.3663829787
468;2018-04-27 00:00:00;22.6540554963;22.5386048988;22.4299145299;22.3663829787;22.3994646681
469;2018-04-27 00:30:00;22.5386048988;22.4299145299;22.3663829787;22.3994646681;22.4195605573
470;2018-04-27 01:00:00;22.4299145299;22.3663829787;22.3994646681;22.4195605573;22.4160235798
471;2018-04-27 01:30:00;22.3663829787;22.3994646681;22.4195605573;22.4160235798;22.4525723473
472;2018-04-27 02:00:00;22.3994646681;22.4195605573;22.4160235798;22.4525723473;22.556323687
473;2018-04-27 02:30:00;22.4195605573;22.4160235798;22.4525723473;22.556323687;22.5608137045
474;2018-04-27 03:00:00;22.4160235798;22.4525723473;22.556323687;22.5608137045;22.579903537
475;2018-04-27 03:30:00;22.4525723473;22.556323687;22.5608137045;22.579903537;22.612633833
476;2018-04-27 04:00:00;22.556323687;22.5608137045;22.579903537;22.612633833;22.4301714898
477;2018-04-27 04:30:00;22.5608137045;22.579903537;22.612633833;22.4301714898;22.5170588235
478;2018-04-27 05:00:00;22.579903537;22.612633833;22.4301714898;22.5170588235;22.992550911
479;2018-04-27 05:30:00;22.612633833;22.4301714898;22.5170588235;22.992550911;23.1452941176
480;2018-04-27 06:00:00;22.4301714898;22.5170588235;22.992550911;23.1452941176;23.1394117647
481;2018-04-27 06:30:00;22.5170588235;22.992550911;23.1452941176;23.1394117647;23.3029411765
482;2018-04-27 07:00:00;22.992550911;23.1452941176;23.1394117647;23.3029411765;23.3922293676
483;2018-04-27 07:30:00;23.1452941176;23.1394117647;23.3029411765;23.3922293676;23.3795624333
484;2018-04-27 08:00:00;23.1394117647;23.3029411765;23.3922293676;23.3795624333;22.9871520343
485;2018-04-27 08:30:00;23.3029411765;23.3922293676;23.3795624333;22.9871520343;22.5555853921
486;2018-04-27 09:00:00;23.3922293676;23.3795624333;22.9871520343;22.5555853921;22.8224590164
487;2018-04-27 09:30:00;23.3795624333;22.9871520343;22.5555853921;22.8224590164;22.6320815451
488;2018-04-27 10:00:00;22.9871520343;22.5555853921;22.8224590164;22.6320815451;22.7413461538
489;2018-04-27 10:30:00;22.5555853921;22.8224590164;22.6320815451;22.7413461538;22.79445629
490;2018-04-27 11:00:00;22.8224590164;22.6320815451;22.7413461538;22.79445629;22.7542735043
491;2018-04-27 11:30:00;22.6320815451;22.7413461538;22.79445629;22.7542735043;22.6857524013
492;2018-04-27 12:00:00;22.7413461538;22.79445629;22.7542735043;22.6857524013;22.4743070362
493;2018-04-27 12:30:00;22.79445629;22.7542735043;22.6857524013;22.4743070362;22.5751599147
494;2018-04-27 13:00:00;22.7542735043;22.6857524013;22.4743070362;22.5751599147;22.8241176471
495;2018-04-27 13:30:00;22.6857524013;22.4743070362;22.5751599147;22.8241176471;22.6870212766
496;2018-04-27 14:00:00;22.4743070362;22.5751599147;22.8241176471;22.6870212766;22.6814102564
497;2018-04-27 14:30:00;22.5751599147;22.8241176471;22.6870212766;22.6814102564;22.6947761194
498;2018-04-27 15:00:00;22.8241176471;22.6870212766;22.6814102564;22.6947761194;22.7037393162
499;2018-04-27 15:30:00;22.6870212766;22.6814102564;22.6947761194;22.7037393162;22.4719616205
500;2018-04-27 16:00:00;22.6814102564;22.6947761194;22.7037393162;22.4719616205;22.35
501;2018-04-27 16:30:00;22.6947761194;22.7037393162;22.4719616205;22.35;22.3523454158
502;2018-04-27 17:00:00;22.7037393162;22.4719616205;22.35;22.3523454158;22.4511764706
503;2018-04-27 17:30:00;22.4719616205;22.35;22.3523454158;22.4511764706;22.4015991471
504;2018-04-27 18:00:00;22.35;22.3523454158;22.4511764706;22.4015991471;22.4347058824
505;2018-04-27 18:30:00;22.3523454158;22.4511764706;22.4015991471;22.4347058824;22.386315229
506;2018-04-27 19:00:00;22.4511764706;22.4015991471;22.4347058824;22.386315229;22.538034188
507;2018-04-27 19:30:00;22.4015991471;22.4347058824;22.386315229;22.538034188;22.5950959488
508;2018-04-27 20:00:00;22.4347058824;22.386315229;22.538034188;22.5950959488;22.5812700107
509;2018-04-27 20:30:00;22.386315229;22.538034188;22.5950959488;22.5812700107;22.4731343284
510;2018-04-27 21:00:00;22.538034188;22.5950959488;22.5812700107;22.4731343284;22.5401814301
511;2018-04-27 21:30:00;22.5950959488;22.5812700107;22.4731343284;22.5401814301;22.6194355698
512;2018-04-27 22:00:00;22.5812700107;22.4731343284;22.5401814301;22.6194355698;22.4462646745
513;2018-04-27 22:30:00;22.4731343284;22.5401814301;22.6194355698;22.4462646745;22.6698083067
514;2018-04-27 23:00:00;22.5401814301;22.6194355698;22.4462646745;22.6698083067;22.756189968
515;2018-04-27 23:30:00;22.6194355698;22.4462646745;22.6698083067;22.756189968;22.6760127932
516;2018-04-28 00:00:00;22.4462646745;22.6698083067;22.756189968;22.6760127932;22.6883708467
517;2018-04-28 00:30:00;22.6698083067;22.756189968;22.6760127932;22.6883708467;22.6888235294
518;2018-04-28 01:00:00;22.756189968;22.6760127932;22.6883708467;22.6888235294;22.783869239
519;2018-04-28 01:30:00;22.6760127932;22.6883708467;22.6888235294;22.783869239;22.8982352941
520;2018-04-28 02:00:00;22.6883708467;22.6888235294;22.783869239;22.8982352941;22.6270632369
521;2018-04-28 02:30:00;22.6888235294;22.783869239;22.8982352941;22.6270632369;22.7881156317
522;2018-04-28 03:00:00;22.783869239;22.8982352941;22.6270632369;22.7881156317;22.8180600214
523;2018-04-28 03:30:00;22.8982352941;22.6270632369;22.7881156317;22.8180600214;22.863490364
524;2018-04-28 04:00:00;22.6270632369;22.7881156317;22.8180600214;22.863490364;22.4443193998
525;2018-04-28 04:30:00;22.7881156317;22.8180600214;22.863490364;22.4443193998;22.6358823529
526;2018-04-28 05:00:00;22.8180600214;22.863490364;22.4443193998;22.6358823529;22.7040772532
527;2018-04-28 05:30:00;22.863490364;22.4443193998;22.6358823529;22.7040772532;22.5669346195
528;2018-04-28 06:00:00;22.4443193998;22.6358823529;22.7040772532;22.5669346195;22.6361884368
529;2018-04-28 06:30:00;22.6358823529;22.7040772532;22.5669346195;22.6361884368;22.776795284
530;2018-04-28 07:00:00;22.7040772532;22.5669346195;22.6361884368;22.776795284;23.0173097535
531;2018-04-28 07:30:00;22.5669346195;22.6361884368;22.776795284;23.0173097535;22.9129273504
532;2018-04-28 08:00:00;22.6361884368;22.776795284;23.0173097535;22.9129273504;22.7143086817
533;2018-04-28 08:30:00;22.776795284;23.0173097535;22.9129273504;22.7143086817;22.8552462527
534;2018-04-28 09:00:00;23.0173097535;22.9129273504;22.7143086817;22.8552462527;22.9442122186
535;2018-04-28 09:30:00;22.9129273504;22.7143086817;22.8552462527;22.9442122186;22.9458333333
536;2018-04-28 10:00:00;22.7143086817;22.8552462527;22.9442122186;22.9458333333;22.9193703308
537;2018-04-28 10:30:00;22.8552462527;22.9442122186;22.9458333333;22.9193703308;23.1741195304
538;2018-04-28 11:00:00;22.9442122186;22.9458333333;22.9193703308;23.1741195304;22.7831910352
539;2018-04-28 11:30:00;22.9458333333;22.9193703308;23.1741195304;22.7831910352;22.851280683
540;2018-04-28 12:00:00;22.9193703308;23.1741195304;22.7831910352;22.851280683;22.8306623932
541;2018-04-28 12:30:00;23.1741195304;22.7831910352;22.851280683;22.8306623932;22.8689563365
542;2018-04-28 13:00:00;22.7831910352;22.851280683;22.8306623932;22.8689563365;22.8700640342
543;2018-04-28 13:30:00;22.851280683;22.8306623932;22.8689563365;22.8700640342;23.0071884984
544;2018-04-28 14:00:00;22.8306623932;22.8689563365;22.8700640342;23.0071884984;23.178525641
545;2018-04-28 14:30:00;22.8689563365;22.8700640342;23.0071884984;23.178525641;22.9914712154
546;2018-04-28 15:00:00;22.8700640342;23.0071884984;23.178525641;22.9914712154;22.8083333333
547;2018-04-28 15:30:00;23.0071884984;23.178525641;22.9914712154;22.8083333333;22.8923692636
548;2018-04-28 16:00:00;23.178525641;22.9914712154;22.8083333333;22.8923692636;22.8319829424
549;2018-04-28 16:30:00;22.9914712154;22.8083333333;22.8923692636;22.8319829424;22.8014925373
550;2018-04-28 17:00:00;22.8083333333;22.8923692636;22.8319829424;22.8014925373;23.2084221748
551;2018-04-28 17:30:00;22.8923692636;22.8319829424;22.8014925373;23.2084221748;23.1849680171
552;2018-04-28 18:00:00;22.8319829424;22.8014925373;23.2084221748;23.1849680171;23.0508537887
553;2018-04-28 18:30:00;22.8014925373;23.2084221748;23.1849680171;23.0508537887;23.2321086262
554;2018-04-28 19:00:00;23.2084221748;23.1849680171;23.0508537887;23.2321086262;22.9023504274
555;2018-04-28 19:30:00;23.1849680171;23.0508537887;23.2321086262;22.9023504274;23.0923240938
556;2018-04-28 20:00:00;23.0508537887;23.2321086262;22.9023504274;23.0923240938;22.9787393162
557;2018-04-28 20:30:00;23.2321086262;22.9023504274;23.0923240938;22.9787393162;22.9492537313
558;2018-04-28 21:00:00;22.9023504274;23.0923240938;22.9787393162;22.9492537313;23.0215048026
559;2018-04-28 21:30:00;23.0923240938;22.9787393162;22.9492537313;23.0215048026;22.9005857295
560;2018-04-28 22:00:00;22.9787393162;22.9492537313;23.0215048026;22.9005857295;22.6552294557
561;2018-04-28 22:30:00;22.9492537313;23.0215048026;22.9005857295;22.6552294557;22.6604366347
562;2018-04-28 23:00:00;23.0215048026;22.9005857295;22.6552294557;22.6604366347;23.0993603412
563;2018-04-28 23:30:00;22.9005857295;22.6552294557;22.6604366347;23.0993603412;22.8595846645
564;2018-04-29 00:00:00;22.6552294557;22.6604366347;23.0993603412;22.8595846645;23.0735294118
565;2018-04-29 00:30:00;22.6604366347;23.0993603412;22.8595846645;23.0735294118;23.2250535332
566;2018-04-29 01:00:00;23.0993603412;22.8595846645;23.0735294118;23.2250535332;23.2071275456
567;2018-04-29 01:30:00;22.8595846645;23.0735294118;23.2250535332;23.2071275456;22.9494646681
568;2018-04-29 02:00:00;23.0735294118;23.2250535332;23.2071275456;22.9494646681;22.6624330118
569;2018-04-29 02:30:00;23.2250535332;23.2071275456;22.9494646681;22.6624330118;22.6323529412
570;2018-04-29 03:00:00;23.2071275456;22.9494646681;22.6624330118;22.6323529412;22.7056745182
571;2018-04-29 03:30:00;22.9494646681;22.6624330118;22.6323529412;22.7056745182;22.8917558887
572;2018-04-29 04:00:00;22.6624330118;22.6323529412;22.7056745182;22.8917558887;22.8034261242
573;2018-04-29 04:30:00;22.6323529412;22.7056745182;22.8917558887;22.8034261242;22.6538543897
574;2018-04-29 05:00:00;22.7056745182;22.8917558887;22.8034261242;22.6538543897;22.6891862955
575;2018-04-29 05:30:00;22.8917558887;22.8034261242;22.6538543897;22.6891862955;22.5184154176
576;2018-04-29 06:00:00;22.8034261242;22.6538543897;22.6891862955;22.5184154176;22.7958823529
577;2018-04-29 06:30:00;22.6538543897;22.6891862955;22.5184154176;22.7958823529;22.8447649573
578;2018-04-29 07:00:00;22.6891862955;22.5184154176;22.7958823529;22.8447649573;22.8168810289
579;2018-04-29 07:30:00;22.5184154176;22.7958823529;22.8447649573;22.8168810289;22.7111764706
580;2018-04-29 08:00:00;22.7958823529;22.8447649573;22.8168810289;22.7111764706;22.7052575107
581;2018-04-29 08:30:00;22.8447649573;22.8168810289;22.7111764706;22.7052575107;22.7021413276
582;2018-04-29 09:00:00;22.8168810289;22.7111764706;22.7052575107;22.7021413276;22.8505353319
583;2018-04-29 09:30:00;22.7111764706;22.7052575107;22.7021413276;22.8505353319;22.7911764706
584;2018-04-29 10:00:00;22.7052575107;22.7021413276;22.8505353319;22.7911764706;22.773347548
585;2018-04-29 10:30:00;22.7021413276;22.8505353319;22.7911764706;22.773347548;22.7029850746
586;2018-04-29 11:00:00;22.8505353319;22.7911764706;22.773347548;22.7029850746;22.5366595518
587;2018-04-29 11:30:00;22.7911764706;22.773347548;22.7029850746;22.5366595518;22.4273162939
588;2018-04-29 12:00:00;22.773347548;22.7029850746;22.5366595518;22.4273162939;22.6763607257
589;2018-04-29 12:30:00;22.7029850746;22.5366595518;22.4273162939;22.6763607257;22.8204255319
590;2018-04-29 13:00:00;22.5366595518;22.4273162939;22.6763607257;22.8204255319;22.7831910352
591;2018-04-29 13:30:00;22.4273162939;22.6763607257;22.8204255319;22.7831910352;22.7186232657
592;2018-04-29 14:00:00;22.6763607257;22.8204255319;22.7831910352;22.7186232657;22.809018143
593;2018-04-29 14:30:00;22.8204255319;22.7831910352;22.7186232657;22.809018143;22.7740681576
594;2018-04-29 15:00:00;22.7831910352;22.7186232657;22.809018143;22.7740681576;22.9046908316
595;2018-04-29 15:30:00;22.7186232657;22.809018143;22.7740681576;22.9046908316;23.01
596;2018-04-29 16:00:00;22.809018143;22.7740681576;22.9046908316;23.01;22.9686766275
597;2018-04-29 16:30:00;22.7740681576;22.9046908316;23.01;22.9686766275;23.0907684098
598;2018-04-29 17:00:00;22.9046908316;23.01;22.9686766275;23.0907684098;22.9710245464
599;2018-04-29 17:30:00;23.01;22.9686766275;23.0907684098;22.9710245464;23.0653518124
600;2018-04-29 18:00:00;22.9686766275;23.0907684098;22.9710245464;23.0653518124;23.0027214514
601;2018-04-29 18:30:00;23.0907684098;22.9710245464;23.0653518124;23.0027214514;22.9058635394
602;2018-04-29 19:00:00;22.9710245464;23.0653518124;23.0027214514;22.9058635394;23.0978121665
603;2018-04-29 19:30:00;23.0653518124;23.0027214514;22.9058635394;23.0978121665;22.7857827476
604;2018-04-29 20:00:00;23.0027214514;22.9058635394;23.0978121665;22.7857827476;22.7276119403
605;2018-04-29 20:30:00;22.9058635394;23.0978121665;22.7857827476;22.7276119403;22.7639658849
606;2018-04-29 21:00:00;23.0978121665;22.7857827476;22.7276119403;22.7639658849;22.9510672359
607;2018-04-29 21:30:00;22.7857827476;22.7276119403;22.7639658849;22.9510672359;22.8982390608
608;2018-04-29 22:00:00;22.7276119403;22.7639658849;22.9510672359;22.8982390608;22.8430629669
609;2018-04-29 22:30:00;22.7639658849;22.9510672359;22.8982390608;22.8430629669;23.107203842
610;2018-04-29 23:00:00;22.9510672359;22.8982390608;22.8430629669;23.107203842;22.973880597
611;2018-04-29 23:30:00;22.8982390608;22.8430629669;23.107203842;22.973880597;22.9961620469
612;2018-04-30 00:00:00;22.8430629669;23.107203842;22.973880597;22.9961620469;22.992550911
613;2018-04-30 00:30:00;23.107203842;22.973880597;22.9961620469;22.992550911;22.9970588235
614;2018-04-30 01:00:00;22.973880597;22.9961620469;22.992550911;22.9970588235;22.9800856531
615;2018-04-30 01:30:00;22.9961620469;22.992550911;22.9970588235;22.9800856531;22.9782352941
616;2018-04-30 02:00:00;22.992550911;22.9970588235;22.9800856531;22.9782352941;22.7390675241
617;2018-04-30 02:30:00;22.9970588235;22.9800856531;22.9782352941;22.7390675241;22.6844753747
618;2018-04-30 03:00:00;22.9800856531;22.9782352941;22.7390675241;22.6844753747;22.7822269807
619;2018-04-30 03:30:00;22.9782352941;22.7390675241;22.6844753747;22.7822269807;22.7088235294
620;2018-04-30 04:00:00;22.7390675241;22.6844753747;22.7822269807;22.7088235294;23.1241176471
621;2018-04-30 04:30:00;22.6844753747;22.7822269807;22.7088235294;23.1241176471;23.3407051282
622;2018-04-30 05:00:00;22.7822269807;22.7088235294;23.1241176471;23.3407051282;23.2497858672
623;2018-04-30 05:30:00;22.7088235294;23.1241176471;23.3407051282;23.2497858672;23.2226980728
624;2018-04-30 06:00:00;23.1241176471;23.3407051282;23.2497858672;23.2226980728;23.1230686695
625;2018-04-30 06:30:00;23.3407051282;23.2497858672;23.2226980728;23.1230686695;23.1370588235
626;2018-04-30 07:00:00;23.2497858672;23.2226980728;23.1230686695;23.1370588235;23.1755888651
627;2018-04-30 07:30:00;23.2226980728;23.1230686695;23.1370588235;23.1755888651;23.0092948718
628;2018-04-30 08:00:00;23.1230686695;23.1370588235;23.1755888651;23.0092948718;23.1885438972
629;2018-04-30 08:30:00;23.1370588235;23.1755888651;23.0092948718;23.1885438972;23.2972222222
630;2018-04-30 09:00:00;23.1755888651;23.0092948718;23.1885438972;23.2972222222;22.9883297645
631;2018-04-30 09:30:00;23.0092948718;23.1885438972;23.2972222222;22.9883297645;22.9264140875
632;2018-04-30 10:00:00;23.1885438972;23.2972222222;22.9883297645;22.9264140875;22.8254535752
633;2018-04-30 10:30:00;23.2972222222;22.9883297645;22.9264140875;22.8254535752;22.7467982924
634;2018-04-30 11:00:00;22.9883297645;22.9264140875;22.8254535752;22.7467982924;22.9152452026
635;2018-04-30 11:30:00;22.9264140875;22.8254535752;22.7467982924;22.9152452026;22.8231056564
636;2018-04-30 12:00:00;22.8254535752;22.7467982924;22.9152452026;22.8231056564;22.8759338314
637;2018-04-30 12:30:00;22.7467982924;22.9152452026;22.8231056564;22.8759338314;22.8871002132
638;2018-04-30 13:00:00;22.9152452026;22.8231056564;22.8759338314;22.8871002132;23.0398504274
639;2018-04-30 13:30:00;22.8231056564;22.8759338314;22.8871002132;23.0398504274;22.7981914894
640;2018-04-30 14:00:00;22.8759338314;22.8871002132;23.0398504274;22.7981914894;22.7334754797
641;2018-04-30 14:30:00;22.8871002132;23.0398504274;22.7981914894;22.7334754797;22.7334754797
642;2018-04-30 15:00:00;23.0398504274;22.7981914894;22.7334754797;22.7334754797;22.7597118463
643;2018-04-30 15:30:00;22.7981914894;22.7334754797;22.7334754797;22.7597118463;22.8038379531
644;2018-04-30 16:00:00;22.7334754797;22.7334754797;22.7597118463;22.8038379531;22.8659188034
645;2018-04-30 16:30:00;22.7334754797;22.7597118463;22.8038379531;22.8659188034;22.773347548
646;2018-04-30 17:00:00;22.7597118463;22.8038379531;22.8659188034;22.773347548;23.0020255864
647;2018-04-30 17:30:00;22.8038379531;22.8659188034;22.773347548;23.0020255864;22.9351812367
648;2018-04-30 18:00:00;22.8659188034;22.773347548;23.0020255864;22.9351812367;22.8853255069
649;2018-04-30 18:30:00;22.773347548;23.0020255864;22.9351812367;22.8853255069;22.9111288605
650;2018-04-30 19:00:00;23.0020255864;22.9351812367;22.8853255069;22.9111288605;23.2950373533
651;2018-04-30 19:30:00;22.9351812367;22.8853255069;22.9111288605;23.2950373533;22.9643617021
652;2018-04-30 20:00:00;22.8853255069;22.9111288605;23.2950373533;22.9643617021;22.7625
653;2018-04-30 20:30:00;22.9111288605;23.2950373533;22.9643617021;22.7625;22.8132196162
654;2018-04-30 21:00:00;23.2950373533;22.9643617021;22.7625;22.8132196162;22.9504264392
655;2018-04-30 21:30:00;22.9643617021;22.7625;22.8132196162;22.9504264392;23.1870330843
656;2018-04-30 22:00:00;22.7625;22.8132196162;22.9504264392;23.1870330843;22.8747598719
657;2018-04-30 22:30:00;22.8132196162;22.9504264392;23.1870330843;22.8747598719;23.2611940299
658;2018-04-30 23:00:00;22.9504264392;23.1870330843;22.8747598719;23.2611940299;23.1908315565
659;2018-04-30 23:30:00;23.1870330843;22.8747598719;23.2611940299;23.1908315565;23.3422257721
660;2018-05-01 00:00:00;22.8747598719;23.2611940299;23.1908315565;23.3422257721;23.2822234157
661;2018-05-01 00:30:00;23.2611940299;23.1908315565;23.3422257721;23.2822234157;23.1814775161
662;2018-05-01 01:00:00;23.1908315565;23.3422257721;23.2822234157;23.1814775161;23.4015574651
663;2018-05-01 01:30:00;23.3422257721;23.2822234157;23.1814775161;23.4015574651;23.4429108486
664;2018-05-01 02:00:00;23.2822234157;23.1814775161;23.4015574651;23.4429108486;23.4263694952
665;2018-05-01 02:30:00;23.1814775161;23.4015574651;23.4429108486;23.4263694952;23.3085209003
666;2018-05-01 03:00:00;23.4015574651;23.4429108486;23.4263694952;23.3085209003;23.3060085837
667;2018-05-01 03:30:00;23.4429108486;23.4263694952;23.3085209003;23.3060085837;23.1658628081
668;2018-05-01 04:00:00;23.4263694952;23.3085209003;23.3060085837;23.1658628081;23.0939442658
669;2018-05-01 04:30:00;23.3085209003;23.3060085837;23.1658628081;23.0939442658;23.1340300107
670;2018-05-01 05:00:00;23.3060085837;23.1658628081;23.0939442658;23.1340300107;23.2621374866
671;2018-05-01 05:30:00;23.1658628081;23.0939442658;23.1340300107;23.2621374866;23.229764454
672;2018-05-01 06:00:00;23.0939442658;23.1340300107;23.2621374866;23.229764454;23.3403536977
673;2018-05-01 06:30:00;23.1340300107;23.2621374866;23.229764454;23.3403536977;23.2406451613
674;2018-05-01 07:00:00;23.2621374866;23.229764454;23.3403536977;23.2406451613;23.4063304721
675;2018-05-01 07:30:00;23.229764454;23.3403536977;23.2406451613;23.4063304721;23.34
676;2018-05-01 08:00:00;23.3403536977;23.2406451613;23.4063304721;23.34;23.3791845494
677;2018-05-01 08:30:00;23.2406451613;23.4063304721;23.34;23.3791845494;23.3093984962
678;2018-05-01 09:00:00;23.4063304721;23.34;23.3791845494;23.3093984962;22.8705567452
679;2018-05-01 09:30:00;23.34;23.3791845494;23.3093984962;22.8705567452;23.2619354839
680;2018-05-01 10:00:00;23.3791845494;23.3093984962;22.8705567452;23.2619354839;23.0680064309
681;2018-05-01 10:30:00;23.3093984962;22.8705567452;23.2619354839;23.0680064309;23.4029411765
682;2018-05-01 11:00:00;22.8705567452;23.2619354839;23.0680064309;23.4029411765;22.9970588235
683;2018-05-01 11:30:00;23.2619354839;23.0680064309;23.4029411765;22.9970588235;22.9194117647
684;2018-05-01 12:00:00;23.0680064309;23.4029411765;22.9970588235;22.9194117647;23.0523529412
685;2018-05-01 12:30:00;23.4029411765;22.9970588235;22.9194117647;23.0523529412;22.8046038544
686;2018-05-01 13:00:00;22.9970588235;22.9194117647;23.0523529412;22.8046038544;22.840715048
687;2018-05-01 13:30:00;22.9194117647;23.0523529412;22.8046038544;22.840715048;23.1926282051
688;2018-05-01 14:00:00;23.0523529412;22.8046038544;22.840715048;23.1926282051;22.9506423983
689;2018-05-01 14:30:00;22.8046038544;22.840715048;23.1926282051;22.9506423983;23.1417647059
690;2018-05-01 15:00:00;22.840715048;23.1926282051;22.9506423983;23.1417647059;23.3886923901
691;2018-05-01 15:30:00;23.1926282051;22.9506423983;23.1417647059;23.3886923901;23.4017130621
692;2018-05-01 16:00:00;22.9506423983;23.1417647059;23.3886923901;23.4017130621;23.4087352626
693;2018-05-01 16:30:00;23.1417647059;23.3886923901;23.4017130621;23.4087352626;23.2052941176
694;2018-05-01 17:00:00;23.3886923901;23.4017130621;23.4087352626;23.2052941176;23.3629411765
695;2018-05-01 17:30:00;23.4017130621;23.4087352626;23.2052941176;23.3629411765;23.3888888889
696;2018-05-01 18:00:00;23.4087352626;23.2052941176;23.3629411765;23.3888888889;23.3946466809
697;2018-05-01 18:30:00;23.2052941176;23.3629411765;23.3888888889;23.3946466809;23.45
698;2018-05-01 19:00:00;23.3629411765;23.3888888889;23.3946466809;23.45;23.45
699;2018-05-01 19:30:00;23.3888888889;23.3946466809;23.45;23.45;23.4464668094
700;2018-05-01 20:00:00;23.3946466809;23.45;23.45;23.4464668094;23.4488222698
701;2018-05-01 20:30:00;23.45;23.45;23.4464668094;23.4488222698;23.45
702;2018-05-01 21:00:00;23.45;23.4464668094;23.4488222698;23.45;23.45
703;2018-05-01 21:30:00;23.4464668094;23.4488222698;23.45;23.45;23.3911764706
704;2018-05-01 22:00:00;23.4488222698;23.45;23.45;23.3911764706;23.4028403001
705;2018-05-01 22:30:00;23.45;23.45;23.3911764706;23.4028403001;23.45
706;2018-05-01 23:00:00;23.45;23.3911764706;23.4028403001;23.45;23.45
707;2018-05-01 23:30:00;23.3911764706;23.4028403001;23.45;23.45;23.45
708;2018-05-02 00:00:00;23.4028403001;23.45;23.45;23.45;23.45
709;2018-05-02 00:30:00;23.45;23.45;23.45;23.45;23.45
710;2018-05-02 01:00:00;23.45;23.45;23.45;23.45;23.45
711;2018-05-02 01:30:00;23.45;23.45;23.45;23.45;23.4263694952
712;2018-05-02 02:00:00;23.45;23.45;23.45;23.4263694952;23.4452688172
713;2018-05-02 02:30:00;23.45;23.45;23.4263694952;23.4452688172;23.399248927
714;2018-05-02 03:00:00;23.45;23.4263694952;23.4452688172;23.399248927;23.4429032258
715;2018-05-02 03:30:00;23.4263694952;23.4452688172;23.399248927;23.4429032258;23.2373254565
716;2018-05-02 04:00:00;23.4452688172;23.399248927;23.4429032258;23.2373254565;23.2989270386
717;2018-05-02 04:30:00;23.399248927;23.4429032258;23.2373254565;23.2989270386;23.3803648069
718;2018-05-02 05:00:00;23.4429032258;23.2373254565;23.2989270386;23.3803648069;23.45
719;2018-05-02 05:30:00;23.2373254565;23.2989270386;23.3803648069;23.45;23.45
720;2018-05-02 06:00:00;23.2989270386;23.3803648069;23.45;23.45;23.45
721;2018-05-02 06:30:00;23.3803648069;23.45;23.45;23.45;22.9625536481
722;2018-05-02 07:00:00;23.45;23.45;23.45;22.9625536481;23.4488184748
723;2018-05-02 07:30:00;23.45;23.45;22.9625536481;23.4488184748;23.4464554243
724;2018-05-02 08:00:00;23.45;22.9625536481;23.4488184748;23.4464554243;23.4488172043
725;2018-05-02 08:30:00;22.9625536481;23.4488184748;23.4464554243;23.4488172043;23.4488172043
726;2018-05-02 09:00:00;23.4488184748;23.4464554243;23.4488172043;23.4488172043;23.4228249194
727;2018-05-02 09:30:00;23.4464554243;23.4488172043;23.4488172043;23.4228249194;23.4275510204
728;2018-05-02 10:00:00;23.4488172043;23.4488172043;23.4228249194;23.4275510204;23.3416488223
729;2018-05-02 10:30:00;23.4488172043;23.4228249194;23.4275510204;23.3416488223;23.3935294118
730;2018-05-02 11:00:00;23.4228249194;23.4275510204;23.3416488223;23.3935294118;23.1080921758
731;2018-05-02 11:30:00;23.4275510204;23.3416488223;23.3935294118;23.1080921758;23.2194117647
732;2018-05-02 12:00:00;23.3416488223;23.3935294118;23.1080921758;23.2194117647;23.1826552463
733;2018-05-02 12:30:00;23.3935294118;23.1080921758;23.2194117647;23.1826552463;23.0210470085
734;2018-05-02 13:00:00;23.1080921758;23.2194117647;23.1826552463;23.0210470085;23.2542872454
735;2018-05-02 13:30:00;23.2194117647;23.1826552463;23.0210470085;23.2542872454;22.9200214133
736;2018-05-02 14:00:00;23.1826552463;23.0210470085;23.2542872454;22.9200214133;22.7508574491
737;2018-05-02 14:30:00;23.0210470085;23.2542872454;22.9200214133;22.7508574491;22.8269807281
738;2018-05-02 15:00:00;23.2542872454;22.9200214133;22.7508574491;22.8269807281;22.7786937901
739;2018-05-02 15:30:00;22.9200214133;22.7508574491;22.8269807281;22.7786937901;23.3747058824
740;2018-05-02 16:00:00;22.7508574491;22.8269807281;22.7786937901;23.3747058824;23.3569593148
741;2018-05-02 16:30:00;22.8269807281;22.7786937901;23.3747058824;23.3569593148;23.4476445396
742;2018-05-02 17:00:00;22.7786937901;23.3747058824;23.3569593148;23.4476445396;23.4275991426
743;2018-05-02 17:30:00;23.3747058824;23.3569593148;23.4476445396;23.4275991426;23.23
744;2018-05-02 18:00:00;23.3569593148;23.4476445396;23.4275991426;23.23;23.3382352941
745;2018-05-02 18:30:00;23.4476445396;23.4275991426;23.23;23.3382352941;23.2601822079
746;2018-05-02 19:00:00;23.4275991426;23.23;23.3382352941;23.2601822079;23.3273847803
747;2018-05-02 19:30:00;23.23;23.3382352941;23.2601822079;23.3273847803;23.45
748;2018-05-02 20:00:00;23.3382352941;23.2601822079;23.3273847803;23.45;23.447642015
749;2018-05-02 20:30:00;23.2601822079;23.3273847803;23.45;23.447642015;23.45
750;2018-05-02 21:00:00;23.3273847803;23.45;23.447642015;23.45;23.433494105
751;2018-05-02 21:30:00;23.45;23.447642015;23.45;23.433494105;23.2014989293
752;2018-05-02 22:00:00;23.447642015;23.45;23.433494105;23.2014989293;23.243676313
753;2018-05-02 22:30:00;23.45;23.433494105;23.2014989293;23.243676313;23.3074946467
754;2018-05-02 23:00:00;23.433494105;23.2014989293;23.243676313;23.3074946467;23.2847639485
755;2018-05-02 23:30:00;23.2014989293;23.243676313;23.3074946467;23.2847639485;23.2158823529
756;2018-05-03 00:00:00;23.243676313;23.3074946467;23.2847639485;23.2158823529;23.45
757;2018-05-03 00:30:00;23.3074946467;23.2847639485;23.2158823529;23.45;23.45
758;2018-05-03 01:00:00;23.2847639485;23.2158823529;23.45;23.45;23.45
759;2018-05-03 01:30:00;23.2158823529;23.45;23.45;23.45;23.2207841031
760;2018-05-03 02:00:00;23.45;23.45;23.45;23.2207841031;23.3260729614
761;2018-05-03 02:30:00;23.45;23.45;23.2207841031;23.3260729614;23.2755091104
762;2018-05-03 03:00:00;23.45;23.2207841031;23.3260729614;23.2755091104;23.3661117078
763;2018-05-03 03:30:00;23.2207841031;23.3260729614;23.2755091104;23.3661117078;23.3861976369
764;2018-05-03 04:00:00;23.3260729614;23.2755091104;23.3661117078;23.3861976369;23.4122722401
765;2018-05-03 04:30:00;23.2755091104;23.3661117078;23.3861976369;23.4122722401;23.3850161117
766;2018-05-03 05:00:00;23.3661117078;23.3861976369;23.4122722401;23.3850161117;23.45
767;2018-05-03 05:30:00;23.3861976369;23.4122722401;23.3850161117;23.45;23.45
768;2018-05-03 06:00:00;23.4122722401;23.3850161117;23.45;23.45;23.4464554243
769;2018-05-03 06:30:00;23.3850161117;23.45;23.45;23.4464554243;23.3164876477
770;2018-05-03 07:00:00;23.45;23.45;23.4464554243;23.3164876477;23.2763157895
771;2018-05-03 07:30:00;23.45;23.4464554243;23.3164876477;23.2763157895;23.2834049409
772;2018-05-03 08:00:00;23.4464554243;23.3164876477;23.2763157895;23.2834049409;22.5561027837
773;2018-05-03 08:30:00;23.3164876477;23.2763157895;23.2834049409;22.5561027837;23.1021972133
774;2018-05-03 09:00:00;23.2763157895;23.2834049409;22.5561027837;23.1021972133;23.45
775;2018-05-03 09:30:00;23.2834049409;22.5561027837;23.1021972133;23.45;23.45
776;2018-05-03 10:00:00;22.5561027837;23.1021972133;23.45;23.45;23.45
777;2018-05-03 10:30:00;23.1021972133;23.45;23.45;23.45;23.45
778;2018-05-06 19:00:00;23.45;23.45;23.45;23.45;23.7503066038
779;2018-05-06 19:30:00;23.45;23.45;23.45;23.7503066038;23.8935470085
780;2018-05-06 20:00:00;23.45;23.45;23.7503066038;23.8935470085;23.6736334405
781;2018-05-06 20:30:00;23.45;23.7503066038;23.8935470085;23.6736334405;23.7937246531
782;2018-05-06 21:00:00;23.7503066038;23.8935470085;23.6736334405;23.7937246531;23.922631016
783;2018-05-06 21:30:00;23.8935470085;23.6736334405;23.7937246531;23.922631016;23.9553091684
784;2018-05-06 22:00:00;23.6736334405;23.7937246531;23.922631016;23.9553091684;23.8814331551
785;2018-05-06 22:30:00;23.7937246531;23.922631016;23.9553091684;23.8814331551;23.6886659552
786;2018-05-06 23:00:00;23.922631016;23.9553091684;23.8814331551;23.6886659552;23.9111550802
787;2018-05-06 23:30:00;23.9553091684;23.8814331551;23.6886659552;23.9111550802;23.9296157951
788;2018-05-07 00:00:00;23.8814331551;23.6886659552;23.9111550802;23.9296157951;24.2114683816
789;2018-05-07 00:30:00;23.6886659552;23.9111550802;23.9296157951;24.2114683816;23.9286236559
790;2018-05-07 01:00:00;23.9111550802;23.9296157951;24.2114683816;23.9286236559;23.6003969957
791;2018-05-07 01:30:00;23.9296157951;24.2114683816;23.9286236559;23.6003969957;23.9121757771
792;2018-05-07 02:00:00;24.2114683816;23.9286236559;23.6003969957;23.9121757771;23.8708896034
793;2018-05-07 02:30:00;23.9286236559;23.6003969957;23.9121757771;23.8708896034;24.2157618026
794;2018-05-07 03:00:00;23.6003969957;23.9121757771;23.8708896034;24.2157618026;23.7522663802
795;2018-05-07 03:30:00;23.9121757771;23.8708896034;24.2157618026;23.7522663802;23.45
796;2018-05-07 04:00:00;23.8708896034;24.2157618026;23.7522663802;23.45;23.4901824034
797;2018-05-07 04:30:00;24.2157618026;23.7522663802;23.45;23.4901824034;24.1870600858
798;2018-05-07 05:00:00;23.7522663802;23.45;23.4901824034;24.1870600858;24.1935331906
799;2018-05-07 05:30:00;23.45;23.4901824034;24.1870600858;24.1935331906;24.1885637728
800;2018-05-07 06:00:00;23.4901824034;24.1870600858;24.1935331906;24.1885637728;24.2395703545
801;2018-05-07 06:30:00;24.1870600858;24.1935331906;24.1885637728;24.2395703545;24.4260599572
802;2018-05-07 07:00:00;24.1935331906;24.1885637728;24.2395703545;24.4260599572;24.3573554604
803;2018-05-07 07:30:00;24.1885637728;24.2395703545;24.4260599572;24.3573554604;24.5005037513
804;2018-05-07 08:00:00;24.2395703545;24.4260599572;24.3573554604;24.5005037513;24.5188568376
805;2018-05-07 08:30:00;24.4260599572;24.3573554604;24.5005037513;24.5188568376;24.52
806;2018-05-07 09:00:00;24.3573554604;24.5005037513;24.5188568376;24.52;24.3709110397
807;2018-05-07 09:30:00;24.5005037513;24.5188568376;24.52;24.3709110397;24.47875803
808;2018-05-07 10:00:00;24.5188568376;24.52;24.3709110397;24.47875803;24.4960192102
809;2018-05-07 10:30:00;24.52;24.3709110397;24.47875803;24.4960192102;24.4504157783
810;2018-05-07 11:00:00;24.3709110397;24.47875803;24.4960192102;24.4504157783;24.348525641
811;2018-05-07 11:30:00;24.47875803;24.4960192102;24.4504157783;24.348525641;24.4343543223
812;2018-05-07 12:00:00;24.4960192102;24.4504157783;24.348525641;24.4343543223;24.4102564103
813;2018-05-07 12:30:00;24.4504157783;24.348525641;24.4343543223;24.4102564103;24.3062286325
814;2018-05-07 13:00:00;24.348525641;24.4343543223;24.4102564103;24.3062286325;23.9070985011
815;2018-05-07 13:30:00;24.4343543223;24.4102564103;24.3062286325;23.9070985011;23.7183564568
816;2018-05-07 14:00:00;24.4102564103;24.3062286325;23.9070985011;23.7183564568;24.1575991426
817;2018-05-07 14:30:00;24.3062286325;23.9070985011;23.7183564568;24.1575991426;24.3853944563
818;2018-05-07 15:00:00;23.9070985011;23.7183564568;24.1575991426;24.3853944563;24.4720384205
819;2018-05-07 15:30:00;23.7183564568;24.1575991426;24.3853944563;24.4720384205;24.3098826041
820;2018-05-07 16:00:00;24.1575991426;24.3853944563;24.4720384205;24.3098826041;24.3144503735
821;2018-05-07 16:30:00;24.3853944563;24.4720384205;24.3098826041;24.3144503735;24.3249360341
822;2018-05-07 17:00:00;24.4720384205;24.3098826041;24.3144503735;24.3249360341;24.4297865528
823;2018-05-07 17:30:00;24.3098826041;24.3144503735;24.3249360341;24.4297865528;24.1938502674
824;2018-05-07 18:00:00;24.3144503735;24.3249360341;24.4297865528;24.1938502674;24.3302350427
825;2018-05-07 18:30:00;24.3249360341;24.4297865528;24.1938502674;24.3302350427;24.0888059701
826;2018-05-07 19:00:00;24.4297865528;24.1938502674;24.3302350427;24.0888059701;24.5188568376
827;2018-05-07 19:30:00;24.1938502674;24.3302350427;24.0888059701;24.5188568376;24.3796908316
828;2018-05-07 20:00:00;24.3302350427;24.0888059701;24.5188568376;24.3796908316;24.3611004274
829;2018-05-07 20:30:00;24.0888059701;24.5188568376;24.3796908316;24.3611004274;24.3738313767
830;2018-05-07 21:00:00;24.5188568376;24.3796908316;24.3611004274;24.3738313767;24.1290384615
831;2018-05-07 21:30:00;24.3796908316;24.3611004274;24.3738313767;24.1290384615;24.353244397
832;2018-05-07 22:00:00;24.3611004274;24.3738313767;24.1290384615;24.353244397;24.4502991453
833;2018-05-07 22:30:00;24.3738313767;24.1290384615;24.353244397;24.4502991453;24.0490491453
834;2018-05-07 23:00:00;24.1290384615;24.353244397;24.4502991453;24.0490491453;23.8924038462
835;2018-05-07 23:30:00;24.353244397;24.4502991453;24.0490491453;23.8924038462;24.0478739316
836;2018-05-08 00:00:00;24.4502991453;24.0490491453;23.8924038462;24.0478739316;24.0779935622
837;2018-05-08 00:30:00;24.0490491453;23.8924038462;24.0478739316;24.0779935622;24.1805359057
838;2018-05-08 01:00:00;23.8924038462;24.0478739316;24.0779935622;24.1805359057;24.468392283
839;2018-05-08 01:30:00;24.0478739316;24.0779935622;24.1805359057;24.468392283;24.4307379679
840;2018-05-08 02:00:00;24.0779935622;24.1805359057;24.468392283;24.4307379679;24.3275374732
841;2018-05-08 02:30:00;24.1805359057;24.468392283;24.4307379679;24.3275374732;24.4684475375
842;2018-05-08 03:00:00;24.468392283;24.4307379679;24.3275374732;24.4684475375;24.5108351178
843;2018-05-08 03:30:00;24.4307379679;24.3275374732;24.4684475375;24.5108351178;24.52
844;2018-05-08 04:00:00;24.3275374732;24.4684475375;24.5108351178;24.52;24.2938304721
845;2018-05-08 04:30:00;24.4684475375;24.5108351178;24.52;24.2938304721;24.4100214133
846;2018-05-08 05:00:00;24.5108351178;24.52;24.2938304721;24.4100214133;24.5188531618
847;2018-05-08 05:30:00;24.52;24.2938304721;24.4100214133;24.5188531618;24.2988972163
848;2018-05-08 06:00:00;24.2938304721;24.4100214133;24.5188531618;24.2988972163;24.4833404711
849;2018-05-08 06:30:00;24.4100214133;24.5188531618;24.2988972163;24.4833404711;24.4844480171
850;2018-05-08 07:00:00;24.5188531618;24.2988972163;24.4833404711;24.4844480171;24.43751606
851;2018-05-08 07:30:00;24.2988972163;24.4833404711;24.4844480171;24.43751606;24.3894004283
852;2018-05-08 08:00:00;24.4833404711;24.4844480171;24.43751606;24.3894004283;23.9230042918
853;2018-05-08 08:30:00;24.4844480171;24.43751606;24.3894004283;23.9230042918;23.7031182796
854;2018-05-08 09:00:00;24.43751606;24.3894004283;23.9230042918;23.7031182796;23.9970418006
855;2018-05-08 09:30:00;24.3894004283;23.9230042918;23.7031182796;23.9970418006;23.8965987124
856;2018-05-08 10:00:00;23.9230042918;23.7031182796;23.9970418006;23.8965987124;23.7045980707
857;2018-05-08 10:30:00;23.7031182796;23.9970418006;23.8965987124;23.7045980707;23.6963965885
858;2018-05-08 11:00:00;23.9970418006;23.8965987124;23.7045980707;23.6963965885;23.9930192719
859;2018-05-08 11:30:00;23.8965987124;23.7045980707;23.6963965885;23.9930192719;24.1869083156
860;2018-05-08 12:00:00;23.7045980707;23.6963965885;23.9930192719;24.1869083156;24.4164516129
