NUM;Fecha;0;1;2;3;4
4;2018-04-16 13:30:00;22.0;22.0;21.966923925;22.0;22.1072847682
5;2018-04-16 15:00:00;22.0;21.966923925;22.0;22.1072847682;24.9326500732
6;2018-04-16 15:30:00;21.966923925;22.0;22.1072847682;24.9326500732;24.7193932828
7;2018-04-16 16:00:00;22.0;22.1072847682;24.9326500732;24.7193932828;24.4886486486
8;2018-04-16 16:30:00;22.1072847682;24.9326500732;24.7193932828;24.4886486486;24.5038002172
9;2018-04-16 17:00:00;24.9326500732;24.7193932828;24.4886486486;24.5038002172;24.4686825054
10;2018-04-16 17:30:00;24.7193932828;24.4886486486;24.5038002172;24.4686825054;24.5543478261
11;2018-04-16 18:00:00;24.4886486486;24.5038002172;24.4686825054;24.5543478261;24.5876623377
12;2018-04-16 18:30:00;24.5038002172;24.4686825054;24.5543478261;24.5876623377;24.5157437568
13;2018-04-16 19:00:00;24.4686825054;24.5543478261;24.5876623377;24.5157437568;24.6208017335
14;2018-04-16 19:30:00;24.5543478261;24.5876623377;24.5157437568;24.6208017335;24.8953107961
15;2018-04-16 20:00:00;24.5876623377;24.5157437568;24.6208017335;24.8953107961;24.6652221018
16;2018-04-16 20:30:00;24.5157437568;24.6208017335;24.8953107961;24.6652221018;24.7835164835
17;2018-04-16 21:00:00;24.6208017335;24.8953107961;24.6652221018;24.7835164835;24.8291347207
18;2018-04-16 21:30:00;24.8953107961;24.6652221018;24.7835164835;24.8291347207;24.700770077
19;2018-04-16 22:00:00;24.6652221018;24.7835164835;24.8291347207;24.700770077;24.6801752464
20;2018-04-16 22:30:00;24.7835164835;24.8291347207;24.700770077;24.6801752464;24.6479647965
21;2018-04-16 23:00:00;24.8291347207;24.700770077;24.6801752464;24.6479647965;24.7592997812
22;2018-04-16 23:30:00;24.700770077;24.6801752464;24.6479647965;24.7592997812;24.7549450549
23;2018-04-17 00:00:00;24.6801752464;24.6479647965;24.7592997812;24.7549450549;24.6876355748
24;2018-04-17 00:30:00;24.6479647965;24.7592997812;24.7549450549;24.6876355748;24.5516866159
25;2018-04-17 01:00:00;24.7592997812;24.7549450549;24.6876355748;24.5516866159;24.4913419913
26;2018-04-17 01:30:00;24.7549450549;24.6876355748;24.5516866159;24.4913419913;24.8972677596
27;2018-04-17 02:00:00;24.6876355748;24.5516866159;24.4913419913;24.8972677596;24.9076086957
28;2018-04-17 02:30:00;24.5516866159;24.4913419913;24.8972677596;24.9076086957;24.9431693989
29;2018-04-17 03:00:00;24.4913419913;24.8972677596;24.9076086957;24.9431693989;24.9195652174
30;2018-04-17 03:30:00;24.8972677596;24.9076086957;24.9431693989;24.9195652174;24.9398249453
31;2018-04-17 04:00:00;24.9076086957;24.9431693989;24.9195652174;24.9398249453;24.8425624321
32;2018-04-17 04:30:00;24.9431693989;24.9195652174;24.9398249453;24.8425624321;24.843715847
33;2018-04-17 05:00:00;24.9195652174;24.9398249453;24.8425624321;24.843715847;24.947826087
34;2018-04-17 05:30:00;24.9398249453;24.8425624321;24.843715847;24.947826087;25.0
35;2018-04-17 06:00:00;24.8425624321;24.843715847;24.947826087;25.0;24.8913043478
36;2018-04-17 06:30:00;24.843715847;24.947826087;25.0;24.8913043478;24.5969498911
37;2018-04-17 07:00:00;24.947826087;25.0;24.8913043478;24.5969498911;24.5861321777
38;2018-04-17 07:30:00;25.0;24.8913043478;24.5969498911;24.5861321777;24.887431694
39;2018-04-17 08:00:00;24.8913043478;24.5969498911;24.5861321777;24.887431694;24.9413043478
40;2018-04-17 08:30:00;24.5969498911;24.5861321777;24.887431694;24.9413043478;24.6804798255
41;2018-04-17 09:00:00;24.5861321777;24.887431694;24.9413043478;24.6804798255;24.8411316649
42;2018-04-17 09:30:00;24.887431694;24.9413043478;24.6804798255;24.8411316649;24.8807439825
43;2018-04-17 10:00:00;24.9413043478;24.6804798255;24.8411316649;24.8807439825;24.6692307692
44;2018-04-17 10:30:00;24.6804798255;24.8411316649;24.8807439825;24.6692307692;24.5914096916
45;2018-04-17 11:00:00;24.8411316649;24.8807439825;24.6692307692;24.5914096916;25.0
46;2018-04-17 11:30:00;24.8807439825;24.6692307692;24.5914096916;25.0;25.0
47;2018-04-17 12:00:00;24.6692307692;24.5914096916;25.0;25.0;25.0
48;2018-04-17 12:30:00;24.5914096916;25.0;25.0;25.0;25.0
49;2018-04-17 13:00:00;25.0;25.0;25.0;25.0;25.0
50;2018-04-17 13:30:00;25.0;25.0;25.0;25.0;25.0
51;2018-04-17 14:00:00;25.0;25.0;25.0;25.0;25.0
52;2018-04-17 14:30:00;25.0;25.0;25.0;25.0;25.0
53;2018-04-18 08:30:00;25.0;25.0;25.0;25.0;22.9727011494
54;2018-04-18 09:00:00;25.0;25.0;25.0;22.9727011494;23.0
55;2018-04-18 09:30:00;25.0;25.0;22.9727011494;23.0;23.0
56;2018-04-18 10:00:00;25.0;22.9727011494;23.0;23.0;23.0
57;2018-04-18 10:30:00;22.9727011494;23.0;23.0;23.0;23.0
58;2018-04-18 11:00:00;23.0;23.0;23.0;23.0;23.0
59;2018-04-18 11:30:00;23.0;23.0;23.0;23.0;23.0
60;2018-04-18 12:00:00;23.0;23.0;23.0;23.0;23.0
61;2018-04-18 12:30:00;23.0;23.0;23.0;23.0;22.9933993399
62;2018-04-18 13:00:00;23.0;23.0;23.0;22.9933993399;22.9879253568
63;2018-04-18 13:30:00;23.0;23.0;22.9933993399;22.9879253568;23.0
64;2018-04-18 14:00:00;23.0;22.9933993399;22.9879253568;23.0;23.0
65;2018-04-18 14:30:00;22.9933993399;22.9879253568;23.0;23.0;23.0
66;2018-04-18 15:00:00;22.9879253568;23.0;23.0;23.0;23.0
67;2018-04-18 15:30:00;23.0;23.0;23.0;23.0;23.0
68;2018-04-18 16:00:00;23.0;23.0;23.0;23.0;23.0
69;2018-04-18 16:30:00;23.0;23.0;23.0;23.0;23.0
70;2018-04-18 17:00:00;23.0;23.0;23.0;23.0;23.0
71;2018-04-18 17:30:00;23.0;23.0;23.0;23.0;23.0
72;2018-04-18 18:00:00;23.0;23.0;23.0;23.0;23.0
73;2018-04-18 18:30:00;23.0;23.0;23.0;23.0;23.0
74;2018-04-18 19:00:00;23.0;23.0;23.0;23.0;23.0
75;2018-04-18 19:30:00;23.0;23.0;23.0;23.0;23.0
76;2018-04-18 20:00:00;23.0;23.0;23.0;23.0;23.0
77;2018-04-18 20:30:00;23.0;23.0;23.0;23.0;23.0
78;2018-04-18 21:00:00;23.0;23.0;23.0;23.0;23.0
79;2018-04-18 21:30:00;23.0;23.0;23.0;23.0;23.0
80;2018-04-18 22:00:00;23.0;23.0;23.0;23.0;23.0
81;2018-04-18 22:30:00;23.0;23.0;23.0;23.0;23.0
82;2018-04-18 23:00:00;23.0;23.0;23.0;23.0;23.0
83;2018-04-18 23:30:00;23.0;23.0;23.0;23.0;23.0
84;2018-04-19 00:00:00;23.0;23.0;23.0;23.0;23.0
85;2018-04-19 00:30:00;23.0;23.0;23.0;23.0;23.0
86;2018-04-19 01:00:00;23.0;23.0;23.0;23.0;23.0
87;2018-04-19 01:30:00;23.0;23.0;23.0;23.0;23.0
88;2018-04-19 02:00:00;23.0;23.0;23.0;23.0;23.0
89;2018-04-19 02:30:00;23.0;23.0;23.0;23.0;23.0
90;2018-04-19 03:00:00;23.0;23.0;23.0;23.0;23.0
91;2018-04-19 03:30:00;23.0;23.0;23.0;23.0;23.0
92;2018-04-19 04:00:00;23.0;23.0;23.0;23.0;23.0
93;2018-04-19 04:30:00;23.0;23.0;23.0;23.0;23.0
94;2018-04-19 05:00:00;23.0;23.0;23.0;23.0;23.0
95;2018-04-19 05:30:00;23.0;23.0;23.0;23.0;23.0
96;2018-04-19 06:00:00;23.0;23.0;23.0;23.0;23.0
97;2018-04-19 06:30:00;23.0;23.0;23.0;23.0;23.0
98;2018-04-19 07:00:00;23.0;23.0;23.0;23.0;23.0
99;2018-04-19 07:30:00;23.0;23.0;23.0;23.0;23.0
100;2018-04-19 08:00:00;23.0;23.0;23.0;23.0;23.0
101;2018-04-19 08:30:00;23.0;23.0;23.0;23.0;23.0
102;2018-04-19 09:00:00;23.0;23.0;23.0;23.0;23.0
103;2018-04-19 09:30:00;23.0;23.0;23.0;23.0;23.0
104;2018-04-19 10:00:00;23.0;23.0;23.0;23.0;23.0
105;2018-04-19 10:30:00;23.0;23.0;23.0;23.0;23.0
106;2018-04-19 11:00:00;23.0;23.0;23.0;23.0;23.0
107;2018-04-19 11:30:00;23.0;23.0;23.0;23.0;23.0
108;2018-04-19 12:00:00;23.0;23.0;23.0;23.0;23.0170940171
109;2018-04-19 12:30:00;23.0;23.0;23.0;23.0170940171;23.0138740662
110;2018-04-19 13:00:00;23.0;23.0;23.0170940171;23.0138740662;23.0
111;2018-04-19 13:30:00;23.0;23.0170940171;23.0138740662;23.0;23.0
112;2018-04-19 14:00:00;23.0170940171;23.0138740662;23.0;23.0;23.0
113;2018-04-19 14:30:00;23.0138740662;23.0;23.0;23.0;23.0
114;2018-04-19 15:00:00;23.0;23.0;23.0;23.0;23.0
115;2018-04-19 15:30:00;23.0;23.0;23.0;23.0;23.0
116;2018-04-19 16:00:00;23.0;23.0;23.0;23.0;23.0
117;2018-04-19 16:30:00;23.0;23.0;23.0;23.0;23.0
118;2018-04-19 17:00:00;23.0;23.0;23.0;23.0;23.0
119;2018-04-19 17:30:00;23.0;23.0;23.0;23.0;23.0
120;2018-04-19 18:00:00;23.0;23.0;23.0;23.0;23.0
121;2018-04-19 18:30:00;23.0;23.0;23.0;23.0;23.0
122;2018-04-19 19:00:00;23.0;23.0;23.0;23.0;23.0
123;2018-04-19 19:30:00;23.0;23.0;23.0;23.0;23.0
124;2018-04-19 20:00:00;23.0;23.0;23.0;23.0;23.0
125;2018-04-19 20:30:00;23.0;23.0;23.0;23.0;23.0
126;2018-04-19 21:00:00;23.0;23.0;23.0;23.0;23.0
127;2018-04-19 21:30:00;23.0;23.0;23.0;23.0;23.0
128;2018-04-19 22:00:00;23.0;23.0;23.0;23.0;23.0
129;2018-04-19 22:30:00;23.0;23.0;23.0;23.0;23.0
130;2018-04-19 23:00:00;23.0;23.0;23.0;23.0;23.0
131;2018-04-19 23:30:00;23.0;23.0;23.0;23.0;23.0
132;2018-04-20 00:00:00;23.0;23.0;23.0;23.0;23.0
133;2018-04-20 00:30:00;23.0;23.0;23.0;23.0;23.0
134;2018-04-20 01:00:00;23.0;23.0;23.0;23.0;23.0
135;2018-04-20 01:30:00;23.0;23.0;23.0;23.0;23.0
136;2018-04-20 02:00:00;23.0;23.0;23.0;23.0;23.0
137;2018-04-20 02:30:00;23.0;23.0;23.0;23.0;23.0
138;2018-04-20 03:00:00;23.0;23.0;23.0;23.0;23.0
139;2018-04-20 03:30:00;23.0;23.0;23.0;23.0;23.0
140;2018-04-20 04:00:00;23.0;23.0;23.0;23.0;23.0
141;2018-04-20 04:30:00;23.0;23.0;23.0;23.0;23.0
142;2018-04-20 05:00:00;23.0;23.0;23.0;23.0;23.0
143;2018-04-20 05:30:00;23.0;23.0;23.0;23.0;23.0
144;2018-04-20 06:00:00;23.0;23.0;23.0;23.0;23.0
145;2018-04-20 06:30:00;23.0;23.0;23.0;23.0;23.0
146;2018-04-20 07:00:00;23.0;23.0;23.0;23.0;23.0
147;2018-04-20 07:30:00;23.0;23.0;23.0;23.0;23.0
148;2018-04-20 08:00:00;23.0;23.0;23.0;23.0;23.010845987
149;2018-04-20 08:30:00;23.0;23.0;23.0;23.010845987;23.0021436227
150;2018-04-20 09:00:00;23.0;23.0;23.010845987;23.0021436227;23.0
151;2018-04-20 09:30:00;23.0;23.010845987;23.0021436227;23.0;23.0
152;2018-04-20 10:00:00;23.010845987;23.0021436227;23.0;23.0;23.0
153;2018-04-20 10:30:00;23.0021436227;23.0;23.0;23.0;23.0
154;2018-04-20 11:00:00;23.0;23.0;23.0;23.0;23.0
155;2018-04-20 11:30:00;23.0;23.0;23.0;23.0;23.0
156;2018-04-20 12:00:00;23.0;23.0;23.0;23.0;23.0
157;2018-04-20 12:30:00;23.0;23.0;23.0;23.0;23.0
158;2018-04-20 13:00:00;23.0;23.0;23.0;23.0;23.0
159;2018-04-20 13:30:00;23.0;23.0;23.0;23.0;23.0
160;2018-04-20 14:00:00;23.0;23.0;23.0;23.0;23.0010683761
161;2018-04-20 14:30:00;23.0;23.0;23.0;23.0010683761;23.0351812367
162;2018-04-20 15:00:00;23.0;23.0;23.0010683761;23.0351812367;23.094017094
163;2018-04-20 15:30:00;23.0;23.0010683761;23.0351812367;23.094017094;23.0010660981
164;2018-04-20 16:00:00;23.0010683761;23.0351812367;23.094017094;23.0010660981;23.0
165;2018-04-20 16:30:00;23.0351812367;23.094017094;23.0010660981;23.0;23.0
166;2018-04-20 17:00:00;23.094017094;23.0010660981;23.0;23.0;23.0
167;2018-04-20 17:30:00;23.0010660981;23.0;23.0;23.0;23.0
168;2018-04-20 18:00:00;23.0;23.0;23.0;23.0;23.0
169;2018-04-20 18:30:00;23.0;23.0;23.0;23.0;23.0
170;2018-04-20 19:00:00;23.0;23.0;23.0;23.0;23.0
171;2018-04-20 19:30:00;23.0;23.0;23.0;23.0;23.0
172;2018-04-20 20:00:00;23.0;23.0;23.0;23.0;23.0
173;2018-04-20 20:30:00;23.0;23.0;23.0;23.0;23.0
174;2018-04-20 21:00:00;23.0;23.0;23.0;23.0;23.0
175;2018-04-20 21:30:00;23.0;23.0;23.0;23.0;23.0
176;2018-04-20 22:00:00;23.0;23.0;23.0;23.0;23.0
177;2018-04-20 22:30:00;23.0;23.0;23.0;23.0;23.0
178;2018-04-20 23:00:00;23.0;23.0;23.0;23.0;23.0
179;2018-04-20 23:30:00;23.0;23.0;23.0;23.0;23.0
180;2018-04-21 00:00:00;23.0;23.0;23.0;23.0;23.0
181;2018-04-21 00:30:00;23.0;23.0;23.0;23.0;23.017130621
182;2018-04-21 01:00:00;23.0;23.0;23.0;23.017130621;23.0
183;2018-04-21 01:30:00;23.0;23.0;23.017130621;23.0;23.0
184;2018-04-21 02:00:00;23.0;23.017130621;23.0;23.0;23.0428724544
185;2018-04-21 02:30:00;23.017130621;23.0;23.0;23.0428724544;23.0439914163
186;2018-04-21 03:00:00;23.0;23.0;23.0428724544;23.0439914163;23.0
187;2018-04-21 03:30:00;23.0;23.0428724544;23.0439914163;23.0;23.0
188;2018-04-21 04:00:00;23.0428724544;23.0439914163;23.0;23.0;23.0
189;2018-04-21 04:30:00;23.0439914163;23.0;23.0;23.0;23.0
190;2018-04-21 05:00:00;23.0;23.0;23.0;23.0;23.0
191;2018-04-21 05:30:00;23.0;23.0;23.0;23.0;23.4785867238
192;2018-04-21 06:00:00;23.0;23.0;23.0;23.4785867238;23.5386266094
193;2018-04-21 06:30:00;23.0;23.0;23.4785867238;23.5386266094;23.0010718114
194;2018-04-21 07:00:00;23.0;23.4785867238;23.5386266094;23.0010718114;23.3165775401
195;2018-04-21 07:30:00;23.4785867238;23.5386266094;23.0010718114;23.3165775401;23.3016042781
196;2018-04-21 08:00:00;23.5386266094;23.0010718114;23.3165775401;23.3016042781;23.1479099678
197;2018-04-21 08:30:00;23.0010718114;23.3165775401;23.3016042781;23.1479099678;23.3736616702
198;2018-04-21 09:00:00;23.3165775401;23.3016042781;23.1479099678;23.3736616702;23.1276824034
199;2018-04-21 09:30:00;23.3016042781;23.1479099678;23.3736616702;23.1276824034;23.2154340836
200;2018-04-21 10:00:00;23.1479099678;23.3736616702;23.1276824034;23.2154340836;23.1108742004
201;2018-04-21 10:30:00;23.3736616702;23.1276824034;23.2154340836;23.1108742004;23.0287539936
202;2018-04-21 11:00:00;23.1276824034;23.2154340836;23.1108742004;23.0287539936;23.0
203;2018-04-21 11:30:00;23.2154340836;23.1108742004;23.0287539936;23.0;23.0202342918
204;2018-04-21 12:00:00;23.1108742004;23.0287539936;23.0;23.0202342918;23.0
205;2018-04-21 12:30:00;23.0287539936;23.0;23.0202342918;23.0;23.0
206;2018-04-21 13:00:00;23.0;23.0202342918;23.0;23.0;23.0
207;2018-04-21 13:30:00;23.0202342918;23.0;23.0;23.0;23.0
208;2018-04-21 14:00:00;23.0;23.0;23.0;23.0;23.0
209;2018-04-21 14:30:00;23.0;23.0;23.0;23.0;23.0
210;2018-04-21 15:00:00;23.0;23.0;23.0;23.0;23.0
211;2018-04-21 15:30:00;23.0;23.0;23.0;23.0;23.0
212;2018-04-21 16:00:00;23.0;23.0;23.0;23.0;23.0
213;2018-04-21 16:30:00;23.0;23.0;23.0;23.0;23.0
214;2018-04-21 17:00:00;23.0;23.0;23.0;23.0;23.0
215;2018-04-21 17:30:00;23.0;23.0;23.0;23.0;23.0191897655
216;2018-04-21 18:00:00;23.0;23.0;23.0;23.0191897655;23.0
217;2018-04-21 18:30:00;23.0;23.0;23.0191897655;23.0;23.0032017076
218;2018-04-21 19:00:00;23.0;23.0191897655;23.0;23.0032017076;23.0213219616
219;2018-04-21 19:30:00;23.0191897655;23.0;23.0032017076;23.0213219616;23.0618336887
220;2018-04-21 20:00:00;23.0;23.0032017076;23.0213219616;23.0618336887;23.0
221;2018-04-21 20:30:00;23.0032017076;23.0213219616;23.0618336887;23.0;23.0
222;2018-04-21 21:00:00;23.0213219616;23.0618336887;23.0;23.0;23.0
223;2018-04-21 21:30:00;23.0618336887;23.0;23.0;23.0;23.0021344717
224;2018-04-21 22:00:00;23.0;23.0;23.0;23.0021344717;23.0
225;2018-04-21 22:30:00;23.0;23.0;23.0021344717;23.0;23.0340788072
226;2018-04-21 23:00:00;23.0;23.0021344717;23.0;23.0340788072;23.0192513369
227;2018-04-21 23:30:00;23.0021344717;23.0;23.0340788072;23.0192513369;23.0266808965
228;2018-04-22 00:00:00;23.0;23.0340788072;23.0192513369;23.0266808965;23.1018220793
229;2018-04-22 00:30:00;23.0340788072;23.0192513369;23.0266808965;23.1018220793;23.1402569593
230;2018-04-22 01:00:00;23.0192513369;23.0266808965;23.1018220793;23.1402569593;23.0439914163
231;2018-04-22 01:30:00;23.0266808965;23.1018220793;23.1402569593;23.0439914163;23.1489817792
232;2018-04-22 02:00:00;23.1018220793;23.1402569593;23.0439914163;23.1489817792;23.2417112299
233;2018-04-22 02:30:00;23.1402569593;23.0439914163;23.1489817792;23.2417112299;23.2983957219
234;2018-04-22 03:00:00;23.0439914163;23.1489817792;23.2417112299;23.2983957219;23.0740343348
235;2018-04-22 03:30:00;23.1489817792;23.2417112299;23.2983957219;23.0740343348;23.0128617363
236;2018-04-22 04:00:00;23.2417112299;23.2983957219;23.0740343348;23.0128617363;23.2852564103
237;2018-04-22 04:30:00;23.2983957219;23.0740343348;23.0128617363;23.2852564103;23.1916488223
238;2018-04-22 05:00:00;23.0740343348;23.0128617363;23.2852564103;23.1916488223;23.0395721925
239;2018-04-22 05:30:00;23.0128617363;23.2852564103;23.1916488223;23.0395721925;23.0578778135
240;2018-04-22 06:00:00;23.2852564103;23.1916488223;23.0395721925;23.0578778135;23.0824411135
241;2018-04-22 06:30:00;23.1916488223;23.0395721925;23.0578778135;23.0824411135;23.008583691
242;2018-04-22 07:00:00;23.0395721925;23.0578778135;23.0824411135;23.008583691;23.0450160772
243;2018-04-22 07:30:00;23.0578778135;23.0824411135;23.008583691;23.0450160772;23.0139335477
244;2018-04-22 08:00:00;23.0824411135;23.008583691;23.0450160772;23.0139335477;23.0075107296
245;2018-04-22 08:30:00;23.008583691;23.0450160772;23.0139335477;23.0075107296;23.0589496249
246;2018-04-22 09:00:00;23.0450160772;23.0139335477;23.0075107296;23.0589496249;23.0772532189
247;2018-04-22 09:30:00;23.0139335477;23.0075107296;23.0589496249;23.0772532189;23.0225321888
248;2018-04-22 10:00:00;23.0075107296;23.0589496249;23.0772532189;23.0225321888;23.2382478632
249;2018-04-22 10:30:00;23.0589496249;23.0772532189;23.0225321888;23.2382478632;23.1538461538
250;2018-04-22 11:00:00;23.0772532189;23.0225321888;23.2382478632;23.1538461538;23.0245464248
251;2018-04-22 11:30:00;23.0225321888;23.2382478632;23.1538461538;23.0245464248;23.0405549626
252;2018-04-22 12:00:00;23.2382478632;23.1538461538;23.0245464248;23.0405549626;23.0245726496
253;2018-04-22 12:30:00;23.1538461538;23.0245464248;23.0405549626;23.0245726496;23.0149094782
254;2018-04-22 13:00:00;23.0245464248;23.0405549626;23.0245726496;23.0149094782;23.0224358974
255;2018-04-22 13:30:00;23.0405549626;23.0245726496;23.0149094782;23.0224358974;23.0138445154
256;2018-04-22 14:00:00;23.0245726496;23.0149094782;23.0224358974;23.0138445154;23.0021367521
257;2018-04-22 14:30:00;23.0149094782;23.0224358974;23.0138445154;23.0021367521;23.0064034152
258;2018-04-22 15:00:00;23.0224358974;23.0138445154;23.0021367521;23.0064034152;23.0277777778
259;2018-04-22 15:30:00;23.0138445154;23.0021367521;23.0064034152;23.0277777778;23.0010672359
260;2018-04-22 16:00:00;23.0021367521;23.0064034152;23.0277777778;23.0010672359;23.0202991453
261;2018-04-22 16:30:00;23.0064034152;23.0277777778;23.0010672359;23.0202991453;23.0586353945
262;2018-04-22 17:00:00;23.0277777778;23.0010672359;23.0202991453;23.0586353945;23.090715048
263;2018-04-22 17:30:00;23.0010672359;23.0202991453;23.0586353945;23.090715048;23.0692963753
264;2018-04-22 18:00:00;23.0202991453;23.0586353945;23.090715048;23.0692963753;23.1302027748
265;2018-04-22 18:30:00;23.0586353945;23.090715048;23.0692963753;23.1302027748;23.1968085106
266;2018-04-22 19:00:00;23.090715048;23.0692963753;23.1302027748;23.1968085106;23.3707264957
267;2018-04-22 19:30:00;23.0692963753;23.1302027748;23.1968085106;23.3707264957;23.2579957356
268;2018-04-22 20:00:00;23.1302027748;23.1968085106;23.3707264957;23.2579957356;23.1463675214
269;2018-04-22 20:30:00;23.1968085106;23.3707264957;23.2579957356;23.1463675214;23.3062966916
270;2018-04-22 21:00:00;23.3707264957;23.2579957356;23.1463675214;23.3062966916;23.1175213675
271;2018-04-22 21:30:00;23.2579957356;23.1463675214;23.3062966916;23.1175213675;23.132196162
272;2018-04-22 22:00:00;23.1463675214;23.3062966916;23.1175213675;23.132196162;23.3653846154
273;2018-04-22 22:30:00;23.3062966916;23.1175213675;23.132196162;23.3653846154;23.1002132196
274;2018-04-22 23:00:00;23.1175213675;23.132196162;23.3653846154;23.1002132196;23.1173959445
275;2018-04-22 23:30:00;23.132196162;23.3653846154;23.1002132196;23.1173959445;23.5
276;2018-04-23 00:00:00;23.3653846154;23.1002132196;23.1173959445;23.5;23.7899249732
277;2018-04-23 00:30:00;23.1002132196;23.1173959445;23.5;23.7899249732;23.625267666
278;2018-04-23 01:00:00;23.1173959445;23.5;23.7899249732;23.625267666;23.4518201285
279;2018-04-23 01:30:00;23.5;23.7899249732;23.625267666;23.4518201285;23.7505353319
280;2018-04-23 02:00:00;23.7899249732;23.625267666;23.4518201285;23.7505353319;23.6570203644
281;2018-04-23 02:30:00;23.625267666;23.4518201285;23.7505353319;23.6570203644;23.7719486081
282;2018-04-23 03:00:00;23.4518201285;23.7505353319;23.6570203644;23.7719486081;23.5160599572
283;2018-04-23 03:30:00;23.7505353319;23.6570203644;23.7719486081;23.5160599572;23.594017094
284;2018-04-23 04:00:00;23.6570203644;23.7719486081;23.5160599572;23.594017094;23.6367521368
285;2018-04-23 04:30:00;23.7719486081;23.5160599572;23.594017094;23.6367521368;23.6495176849
286;2018-04-23 05:00:00;23.5160599572;23.594017094;23.6367521368;23.6495176849;23.5214132762
287;2018-04-23 05:30:00;23.594017094;23.6367521368;23.6495176849;23.5214132762;24.0
288;2018-04-23 06:00:00;23.6367521368;23.6495176849;23.5214132762;24.0;24.0
289;2018-04-23 06:30:00;23.6495176849;23.5214132762;24.0;24.0;24.0
290;2018-04-23 07:00:00;23.5214132762;24.0;24.0;24.0;24.0
291;2018-04-23 07:30:00;24.0;24.0;24.0;24.0;24.0
292;2018-04-23 08:00:00;24.0;24.0;24.0;24.0;24.0
293;2018-04-23 08:30:00;24.0;24.0;24.0;24.0;24.0
294;2018-04-23 09:00:00;24.0;24.0;24.0;24.0;24.0
295;2018-04-23 09:30:00;24.0;24.0;24.0;24.0;24.0
296;2018-04-23 10:00:00;24.0;24.0;24.0;24.0;24.0
297;2018-04-23 10:30:00;24.0;24.0;24.0;24.0;24.0
298;2018-04-23 11:00:00;24.0;24.0;24.0;24.0;24.0
299;2018-04-23 11:30:00;24.0;24.0;24.0;24.0;24.0
300;2018-04-23 12:00:00;24.0;24.0;24.0;24.0;24.0
301;2018-04-23 12:30:00;24.0;24.0;24.0;24.0;24.0
302;2018-04-23 13:00:00;24.0;24.0;24.0;24.0;24.0
303;2018-04-23 13:30:00;24.0;24.0;24.0;24.0;24.0
304;2018-04-23 14:00:00;24.0;24.0;24.0;24.0;24.0
305;2018-04-23 14:30:00;24.0;24.0;24.0;24.0;24.0
306;2018-04-23 15:00:00;24.0;24.0;24.0;24.0;24.0320170758
307;2018-04-23 15:30:00;24.0;24.0;24.0;24.0320170758;24.4690831557
308;2018-04-23 16:00:00;24.0;24.0;24.0320170758;24.4690831557;24.0
309;2018-04-23 16:30:00;24.0;24.0320170758;24.4690831557;24.0;24.0
310;2018-04-23 17:00:00;24.0320170758;24.4690831557;24.0;24.0;24.0
311;2018-04-23 17:30:00;24.4690831557;24.0;24.0;24.0;24.0
312;2018-04-23 18:00:00;24.0;24.0;24.0;24.0;24.0
313;2018-04-23 18:30:00;24.0;24.0;24.0;24.0;23.9936034115
314;2018-04-23 19:00:00;24.0;24.0;24.0;23.9936034115;24.0
315;2018-04-23 19:30:00;24.0;24.0;23.9936034115;24.0;24.0
316;2018-04-23 20:00:00;24.0;23.9936034115;24.0;24.0;24.0
317;2018-04-23 20:30:00;23.9936034115;24.0;24.0;24.0;24.0
318;2018-04-23 21:00:00;24.0;24.0;24.0;24.0;24.0
319;2018-04-23 21:30:00;24.0;24.0;24.0;24.0;23.9989361702
320;2018-04-23 22:00:00;24.0;24.0;24.0;23.9989361702;24.0
321;2018-04-23 22:30:00;24.0;24.0;23.9989361702;24.0;23.9744136461
322;2018-04-23 23:00:00;24.0;23.9989361702;24.0;23.9744136461;24.0
323;2018-04-23 23:30:00;23.9989361702;24.0;23.9744136461;24.0;24.0
324;2018-04-24 00:00:00;24.0;23.9744136461;24.0;24.0;24.0
325;2018-04-24 00:30:00;23.9744136461;24.0;24.0;24.0;24.0
326;2018-04-24 01:00:00;24.0;24.0;24.0;24.0;24.0
327;2018-04-24 01:30:00;24.0;24.0;24.0;24.0;24.0
328;2018-04-24 02:00:00;24.0;24.0;24.0;24.0;24.0
329;2018-04-24 02:30:00;24.0;24.0;24.0;24.0;24.0
330;2018-04-24 03:00:00;24.0;24.0;24.0;24.0;24.0
331;2018-04-24 03:30:00;24.0;24.0;24.0;24.0;24.0
332;2018-04-24 04:00:00;24.0;24.0;24.0;24.0;24.0
333;2018-04-24 04:30:00;24.0;24.0;24.0;24.0;23.849197861
334;2018-04-24 05:00:00;24.0;24.0;24.0;23.849197861;23.449197861
335;2018-04-24 05:30:00;24.0;24.0;23.849197861;23.449197861;23.1927194861
336;2018-04-24 06:00:00;24.0;23.849197861;23.449197861;23.1927194861;23.2152034261
337;2018-04-24 06:30:00;23.849197861;23.449197861;23.1927194861;23.2152034261;23.1414790997
338;2018-04-24 07:00:00;23.449197861;23.1927194861;23.2152034261;23.1414790997;23.1411764706
339;2018-04-24 07:30:00;23.1927194861;23.2152034261;23.1414790997;23.1411764706;23.2658092176
340;2018-04-24 08:00:00;23.2152034261;23.1414790997;23.1411764706;23.2658092176;23.2708779443
341;2018-04-24 08:30:00;23.1414790997;23.1411764706;23.2658092176;23.2708779443;23.0815450644
342;2018-04-24 09:00:00;23.1411764706;23.2658092176;23.2708779443;23.0815450644;23.0418006431
343;2018-04-24 09:30:00;23.2658092176;23.2708779443;23.0815450644;23.0418006431;23.0857449089
344;2018-04-24 10:00:00;23.2708779443;23.0815450644;23.0418006431;23.0857449089;23.0469583778
345;2018-04-24 10:30:00;23.0815450644;23.0418006431;23.0857449089;23.0469583778;23.0095948827
346;2018-04-24 11:00:00;23.0418006431;23.0857449089;23.0469583778;23.0095948827;23.0117521368
347;2018-04-24 11:30:00;23.0857449089;23.0469583778;23.0095948827;23.0117521368;23.0372736954
348;2018-04-24 12:00:00;23.0469583778;23.0095948827;23.0117521368;23.0372736954;23.0138888889
349;2018-04-24 12:30:00;23.0095948827;23.0117521368;23.0372736954;23.0138888889;23.0031982942
350;2018-04-24 13:00:00;23.0117521368;23.0372736954;23.0138888889;23.0031982942;23.0320512821
351;2018-04-24 13:30:00;23.0372736954;23.0138888889;23.0031982942;23.0320512821;23.0
352;2018-04-24 14:00:00;23.0138888889;23.0031982942;23.0320512821;23.0;23.063034188
353;2018-04-24 14:30:00;23.0031982942;23.0320512821;23.0;23.063034188;23.0031948882
354;2018-04-24 15:00:00;23.0320512821;23.0;23.063034188;23.0031948882;23.0010695187
355;2018-04-24 15:30:00;23.0;23.063034188;23.0031948882;23.0010695187;23.0063965885
356;2018-04-24 16:00:00;23.063034188;23.0031948882;23.0010695187;23.0063965885;23.0277481323
357;2018-04-24 16:30:00;23.0031948882;23.0010695187;23.0063965885;23.0277481323;23.0042643923
358;2018-04-24 17:00:00;23.0010695187;23.0063965885;23.0277481323;23.0042643923;23.0
359;2018-04-24 17:30:00;23.0063965885;23.0277481323;23.0042643923;23.0;23.0
360;2018-04-24 18:00:00;23.0277481323;23.0042643923;23.0;23.0;23.0
361;2018-04-24 18:30:00;23.0042643923;23.0;23.0;23.0;23.0244941427
362;2018-04-24 19:00:00;23.0;23.0;23.0;23.0244941427;23.0256410256
363;2018-04-24 19:30:00;23.0;23.0;23.0244941427;23.0256410256;23.0074626866
364;2018-04-24 20:00:00;23.0;23.0244941427;23.0256410256;23.0074626866;23.1173959445
365;2018-04-24 20:30:00;23.0244941427;23.0256410256;23.0074626866;23.1173959445;23.4334398296
366;2018-04-24 21:00:00;23.0256410256;23.0074626866;23.1173959445;23.4334398296;23.4487179487
367;2018-04-24 21:30:00;23.0074626866;23.1173959445;23.4334398296;23.4487179487;23.4520255864
368;2018-04-24 22:00:00;23.1173959445;23.4334398296;23.4487179487;23.4520255864;23.1792956243
369;2018-04-24 22:30:00;23.4334398296;23.4487179487;23.4520255864;23.1792956243;23.1267305644
370;2018-04-24 23:00:00;23.4487179487;23.4520255864;23.1792956243;23.1267305644;23.2241195304
371;2018-04-24 23:30:00;23.4520255864;23.1792956243;23.1267305644;23.2241195304;23.2502662407
372;2018-04-25 00:00:00;23.1792956243;23.1267305644;23.2241195304;23.2502662407;23.4012875536
373;2018-04-25 00:30:00;23.1267305644;23.2241195304;23.2502662407;23.4012875536;23.0203862661
374;2018-04-25 01:00:00;23.2241195304;23.2502662407;23.4012875536;23.0203862661;23.0171489818
375;2018-04-25 01:30:00;23.2502662407;23.4012875536;23.0203862661;23.0171489818;23.0
376;2018-04-25 02:00:00;23.4012875536;23.0203862661;23.0171489818;23.0;23.0
377;2018-04-25 02:30:00;23.0203862661;23.0171489818;23.0;23.0;23.0
378;2018-04-25 03:00:00;23.0171489818;23.0;23.0;23.0;23.0021459227
379;2018-04-25 03:30:00;23.0;23.0;23.0;23.0021459227;23.0032154341
380;2018-04-25 04:00:00;23.0;23.0;23.0021459227;23.0032154341;23.0
381;2018-04-25 04:30:00;23.0;23.0021459227;23.0032154341;23.0;23.0332261522
382;2018-04-25 05:00:00;23.0021459227;23.0032154341;23.0;23.0332261522;23.1318327974
383;2018-04-25 05:30:00;23.0032154341;23.0;23.0332261522;23.1318327974;23.4983957219
384;2018-04-25 06:00:00;23.0;23.0332261522;23.1318327974;23.4983957219;23.6342245989
385;2018-04-25 06:30:00;23.0332261522;23.1318327974;23.4983957219;23.6342245989;23.4122055675
386;2018-04-25 07:00:00;23.1318327974;23.4983957219;23.6342245989;23.4122055675;23.4871244635
387;2018-04-25 07:30:00;23.4983957219;23.6342245989;23.4122055675;23.4871244635;23.5680600214
388;2018-04-25 08:00:00;23.6342245989;23.4122055675;23.4871244635;23.5680600214;23.4839400428
389;2018-04-25 08:30:00;23.4122055675;23.4871244635;23.5680600214;23.4839400428;23.8002136752
390;2018-04-25 09:00:00;23.4871244635;23.5680600214;23.4839400428;23.8002136752;23.6988210075
391;2018-04-25 09:30:00;23.5680600214;23.4839400428;23.8002136752;23.6988210075;23.5914438503
392;2018-04-25 10:00:00;23.4839400428;23.8002136752;23.6988210075;23.5914438503;23.318036286
393;2018-04-25 10:30:00;23.8002136752;23.6988210075;23.5914438503;23.318036286;23.3429179979
394;2018-04-25 11:00:00;23.6988210075;23.5914438503;23.318036286;23.3429179979;23.1754010695
395;2018-04-25 11:30:00;23.5914438503;23.318036286;23.3429179979;23.1754010695;23.3993610224
396;2018-04-25 12:00:00;23.318036286;23.3429179979;23.1754010695;23.3993610224;23.3543223052
397;2018-04-25 12:30:00;23.3429179979;23.1754010695;23.3993610224;23.3543223052;23.318036286
398;2018-04-25 13:00:00;23.1754010695;23.3993610224;23.3543223052;23.318036286;23.2892209178
399;2018-04-25 13:30:00;23.3993610224;23.3543223052;23.318036286;23.2892209178;23.0638977636
400;2018-04-25 14:00:00;23.3543223052;23.318036286;23.2892209178;23.0638977636;23.3582089552
401;2018-04-25 14:30:00;23.318036286;23.2892209178;23.0638977636;23.3582089552;23.4076840982
402;2018-04-25 15:00:00;23.2892209178;23.0638977636;23.3582089552;23.4076840982;23.2550693703
403;2018-04-25 15:30:00;23.0638977636;23.3582089552;23.4076840982;23.2550693703;23.089456869
404;2018-04-25 16:00:00;23.3582089552;23.4076840982;23.2550693703;23.089456869;23.1695095949
405;2018-04-25 16:30:00;23.4076840982;23.2550693703;23.089456869;23.1695095949;23.1226012793
406;2018-04-25 17:00:00;23.2550693703;23.089456869;23.1695095949;23.1226012793;23.1856990395
407;2018-04-25 17:30:00;23.089456869;23.1695095949;23.1226012793;23.1856990395;23.2921108742
408;2018-04-25 18:00:00;23.1695095949;23.1226012793;23.1856990395;23.2921108742;23.1750266809
409;2018-04-25 18:30:00;23.1226012793;23.1856990395;23.2921108742;23.1750266809;23.0883919063
410;2018-04-25 19:00:00;23.1856990395;23.2921108742;23.1750266809;23.0883919063;23.0886752137
411;2018-04-25 19:30:00;23.2921108742;23.1750266809;23.0883919063;23.0886752137;23.2055378062
412;2018-04-25 20:00:00;23.1750266809;23.0883919063;23.0886752137;23.2055378062;23.1280683031
413;2018-04-25 20:30:00;23.0883919063;23.0886752137;23.2055378062;23.1280683031;23.3365282215
414;2018-04-25 21:00:00;23.0886752137;23.2055378062;23.1280683031;23.3365282215;23.1944444444
415;2018-04-25 21:30:00;23.2055378062;23.1280683031;23.3365282215;23.1944444444;23.447284345
416;2018-04-25 22:00:00;23.1280683031;23.3365282215;23.1944444444;23.447284345;23.2096256684
417;2018-04-25 22:30:00;23.3365282215;23.1944444444;23.447284345;23.2096256684;23.0991471215
418;2018-04-25 23:00:00;23.1944444444;23.447284345;23.2096256684;23.0991471215;23.1762820513
419;2018-04-25 23:30:00;23.447284345;23.2096256684;23.0991471215;23.1762820513;23.2515991471
420;2018-04-26 00:00:00;23.2096256684;23.0991471215;23.1762820513;23.2515991471;23.2109207709
421;2018-04-26 00:30:00;23.0991471215;23.1762820513;23.2515991471;23.2109207709;23.2090032154
422;2018-04-26 01:00:00;23.1762820513;23.2515991471;23.2109207709;23.2090032154;23.2944325482
423;2018-04-26 01:30:00;23.2515991471;23.2109207709;23.2090032154;23.2944325482;23.3837084673
424;2018-04-26 02:00:00;23.2109207709;23.2090032154;23.2944325482;23.3837084673;23.3572961373
425;2018-04-26 02:30:00;23.2090032154;23.2944325482;23.3837084673;23.3572961373;23.2109207709
426;2018-04-26 03:00:00;23.2944325482;23.3837084673;23.3572961373;23.2109207709;23.4748663102
427;2018-04-26 03:30:00;23.3837084673;23.3572961373;23.2109207709;23.4748663102;23.4668094218
428;2018-04-26 04:00:00;23.3572961373;23.2109207709;23.4748663102;23.4668094218;23.5747863248
429;2018-04-26 04:30:00;23.2109207709;23.4748663102;23.4668094218;23.5747863248;23.2175777063
430;2018-04-26 05:00:00;23.4748663102;23.4668094218;23.5747863248;23.2175777063;23.2518756699
431;2018-04-26 05:30:00;23.4668094218;23.5747863248;23.2175777063;23.2518756699;23.2310160428
432;2018-04-26 06:00:00;23.5747863248;23.2175777063;23.2518756699;23.2310160428;23.2248394004
433;2018-04-26 06:30:00;23.2175777063;23.2518756699;23.2310160428;23.2248394004;23.3875802998
434;2018-04-26 07:00:00;23.2518756699;23.2310160428;23.2248394004;23.3875802998;23.4100642398
435;2018-04-26 07:30:00;23.2310160428;23.2248394004;23.3875802998;23.4100642398;23.4394426581
436;2018-04-26 08:00:00;23.2248394004;23.3875802998;23.4100642398;23.4394426581;23.5
437;2018-04-26 08:30:00;23.3875802998;23.4100642398;23.4394426581;23.5;23.2823529412
438;2018-04-26 09:00:00;23.4100642398;23.4394426581;23.5;23.2823529412;23.4989293362
439;2018-04-26 09:30:00;23.4394426581;23.5;23.2823529412;23.4989293362;23.6438502674
440;2018-04-26 10:00:00;23.5;23.2823529412;23.4989293362;23.6438502674;23.4268943436
441;2018-04-26 10:30:00;23.2823529412;23.4989293362;23.6438502674;23.4268943436;23.3848614072
442;2018-04-26 11:00:00;23.4989293362;23.6438502674;23.4268943436;23.3848614072;23.4044823906
443;2018-04-26 11:30:00;23.6438502674;23.4268943436;23.3848614072;23.4044823906;23.4061833689
444;2018-04-26 12:00:00;23.4268943436;23.3848614072;23.4044823906;23.4061833689;23.3991462113
445;2018-04-26 12:30:00;23.3848614072;23.4044823906;23.4061833689;23.3991462113;23.2324093817
446;2018-04-26 13:00:00;23.4044823906;23.4061833689;23.3991462113;23.2324093817;23.0918803419
447;2018-04-26 13:30:00;23.4061833689;23.3991462113;23.2324093817;23.0918803419;23.1991480298
448;2018-04-26 14:00:00;23.3991462113;23.2324093817;23.0918803419;23.1991480298;23.0074786325
449;2018-04-26 14:30:00;23.2324093817;23.0918803419;23.1991480298;23.0074786325;23.0
450;2018-04-26 15:00:00;23.0918803419;23.1991480298;23.0074786325;23.0;23.0021344717
451;2018-04-26 15:30:00;23.1991480298;23.0074786325;23.0;23.0021344717;23.0117270789
452;2018-04-26 16:00:00;23.0074786325;23.0;23.0021344717;23.0117270789;23.0170575693
453;2018-04-26 16:30:00;23.0;23.0021344717;23.0117270789;23.0170575693;23.0469083156
454;2018-04-26 17:00:00;23.0021344717;23.0117270789;23.0170575693;23.0469083156;23.0256410256
455;2018-04-26 17:30:00;23.0117270789;23.0170575693;23.0469083156;23.0256410256;23.1353944563
456;2018-04-26 18:00:00;23.0170575693;23.0469083156;23.0256410256;23.1353944563;23.1013874066
457;2018-04-26 18:30:00;23.0469083156;23.0256410256;23.1353944563;23.1013874066;23.0831556503
458;2018-04-26 19:00:00;23.0256410256;23.1353944563;23.1013874066;23.0831556503;23.0458911419
459;2018-04-26 19:30:00;23.1353944563;23.1013874066;23.0831556503;23.0458911419;23.0809371672
460;2018-04-26 20:00:00;23.1013874066;23.0831556503;23.0458911419;23.0809371672;23.0235042735
461;2018-04-26 20:30:00;23.0831556503;23.0458911419;23.0809371672;23.0235042735;23.0383386581
462;2018-04-26 21:00:00;23.0458911419;23.0809371672;23.0235042735;23.0383386581;23.2398720682
463;2018-04-26 21:30:00;23.0809371672;23.0235042735;23.0383386581;23.2398720682;23.1812366738
464;2018-04-26 22:00:00;23.0235042735;23.0383386581;23.2398720682;23.1812366738;23.2764140875
465;2018-04-26 22:30:00;23.0383386581;23.2398720682;23.1812366738;23.2764140875;23.1714589989
466;2018-04-26 23:00:00;23.2398720682;23.1812366738;23.2764140875;23.1714589989;23.0726495726
467;2018-04-26 23:30:00;23.1812366738;23.2764140875;23.1714589989;23.0726495726;23.014893617
468;2018-04-27 00:00:00;23.2764140875;23.1714589989;23.0726495726;23.014893617;23.0449678801
469;2018-04-27 00:30:00;23.1714589989;23.0726495726;23.014893617;23.0449678801;23.0632368703
470;2018-04-27 01:00:00;23.0726495726;23.014893617;23.0449678801;23.0632368703;23.0600214362
471;2018-04-27 01:30:00;23.014893617;23.0449678801;23.0632368703;23.0600214362;23.0932475884
472;2018-04-27 02:00:00;23.0449678801;23.0632368703;23.0600214362;23.0932475884;23.1875669882
473;2018-04-27 02:30:00;23.0632368703;23.0600214362;23.0932475884;23.1875669882;23.1916488223
474;2018-04-27 03:00:00;23.0600214362;23.0932475884;23.1875669882;23.1916488223;23.2090032154
475;2018-04-27 03:30:00;23.0932475884;23.1875669882;23.1916488223;23.2090032154;23.23875803
476;2018-04-27 04:00:00;23.1875669882;23.1916488223;23.2090032154;23.23875803;23.0728831726
477;2018-04-27 04:30:00;23.1916488223;23.2090032154;23.23875803;23.0728831726;23.1518716578
478;2018-04-27 05:00:00;23.2090032154;23.23875803;23.0728831726;23.1518716578;23.5841371919
479;2018-04-27 05:30:00;23.23875803;23.0728831726;23.1518716578;23.5841371919;23.7229946524
480;2018-04-27 06:00:00;23.0728831726;23.1518716578;23.5841371919;23.7229946524;23.7176470588
481;2018-04-27 06:30:00;23.1518716578;23.5841371919;23.7229946524;23.7176470588;23.8663101604
482;2018-04-27 07:00:00;23.5841371919;23.7229946524;23.7176470588;23.8663101604;23.9474812433
483;2018-04-27 07:30:00;23.7229946524;23.7176470588;23.8663101604;23.9474812433;23.9359658485
484;2018-04-27 08:00:00;23.7176470588;23.8663101604;23.9474812433;23.9359658485;23.5792291221
485;2018-04-27 08:30:00;23.8663101604;23.9474812433;23.9359658485;23.5792291221;23.186895811
486;2018-04-27 09:00:00;23.9474812433;23.9359658485;23.5792291221;23.186895811;23.4295081967
487;2018-04-27 09:30:00;23.9359658485;23.5792291221;23.186895811;23.4295081967;23.2564377682
488;2018-04-27 10:00:00;23.5792291221;23.186895811;23.4295081967;23.2564377682;23.3557692308
489;2018-04-27 10:30:00;23.186895811;23.4295081967;23.2564377682;23.3557692308;23.4040511727
490;2018-04-27 11:00:00;23.4295081967;23.2564377682;23.3557692308;23.4040511727;23.3675213675
491;2018-04-27 11:30:00;23.2564377682;23.3557692308;23.4040511727;23.3675213675;23.3052294557
492;2018-04-27 12:00:00;23.3557692308;23.4040511727;23.3675213675;23.3052294557;23.1130063966
493;2018-04-27 12:30:00;23.4040511727;23.3675213675;23.3052294557;23.1130063966;23.2046908316
494;2018-04-27 13:00:00;23.3675213675;23.3052294557;23.1130063966;23.2046908316;23.4310160428
495;2018-04-27 13:30:00;23.3052294557;23.1130063966;23.2046908316;23.4310160428;23.3063829787
496;2018-04-27 14:00:00;23.1130063966;23.2046908316;23.4310160428;23.3063829787;23.3012820513
497;2018-04-27 14:30:00;23.2046908316;23.4310160428;23.3063829787;23.3012820513;23.3134328358
498;2018-04-27 15:00:00;23.4310160428;23.3063829787;23.3012820513;23.3134328358;23.3215811966
499;2018-04-27 15:30:00;23.3063829787;23.3012820513;23.3134328358;23.3215811966;23.1108742004
500;2018-04-27 16:00:00;23.3012820513;23.3134328358;23.3215811966;23.1108742004;23.0
501;2018-04-27 16:30:00;23.3134328358;23.3215811966;23.1108742004;23.0;23.0021321962
502;2018-04-27 17:00:00;23.3215811966;23.1108742004;23.0;23.0021321962;23.0919786096
503;2018-04-27 17:30:00;23.1108742004;23.0;23.0021321962;23.0919786096;23.0469083156
504;2018-04-27 18:00:00;23.0;23.0021321962;23.0919786096;23.0469083156;23.0770053476
505;2018-04-27 18:30:00;23.0021321962;23.0919786096;23.0469083156;23.0770053476;23.0330138445
506;2018-04-27 19:00:00;23.0919786096;23.0469083156;23.0770053476;23.0330138445;23.1709401709
507;2018-04-27 19:30:00;23.0469083156;23.0770053476;23.0330138445;23.1709401709;23.2228144989
508;2018-04-27 20:00:00;23.0770053476;23.0330138445;23.1709401709;23.2228144989;23.2102454642
509;2018-04-27 20:30:00;23.0330138445;23.1709401709;23.2228144989;23.2102454642;23.1119402985
510;2018-04-27 21:00:00;23.1709401709;23.2228144989;23.2102454642;23.1119402985;23.1728922092
511;2018-04-27 21:30:00;23.2228144989;23.2102454642;23.1119402985;23.1728922092;23.2449414271
512;2018-04-27 22:00:00;23.2102454642;23.1119402985;23.1728922092;23.2449414271;23.0875133404
513;2018-04-27 22:30:00;23.1119402985;23.1728922092;23.2449414271;23.0875133404;23.2907348243
514;2018-04-27 23:00:00;23.1728922092;23.2449414271;23.0875133404;23.2907348243;23.3692636073
515;2018-04-27 23:30:00;23.2449414271;23.0875133404;23.2907348243;23.3692636073;23.2963752665
516;2018-04-28 00:00:00;23.0875133404;23.2907348243;23.3692636073;23.2963752665;23.3076098607
517;2018-04-28 00:30:00;23.2907348243;23.3692636073;23.2963752665;23.3076098607;23.3080213904
518;2018-04-28 01:00:00;23.3692636073;23.2963752665;23.3076098607;23.3080213904;23.3944265809
519;2018-04-28 01:30:00;23.2963752665;23.3076098607;23.3080213904;23.3944265809;23.4983957219
520;2018-04-28 02:00:00;23.3076098607;23.3080213904;23.3944265809;23.4983957219;23.2518756699
521;2018-04-28 02:30:00;23.3080213904;23.3944265809;23.4983957219;23.2518756699;23.3982869379
522;2018-04-28 03:00:00;23.3944265809;23.4983957219;23.2518756699;23.3982869379;23.4255091104
523;2018-04-28 03:30:00;23.4983957219;23.2518756699;23.3982869379;23.4255091104;23.4668094218
524;2018-04-28 04:00:00;23.2518756699;23.3982869379;23.4255091104;23.4668094218;23.0857449089
525;2018-04-28 04:30:00;23.3982869379;23.4255091104;23.4668094218;23.0857449089;23.2598930481
526;2018-04-28 05:00:00;23.4255091104;23.4668094218;23.0857449089;23.2598930481;23.321888412
527;2018-04-28 05:30:00;23.4668094218;23.0857449089;23.2598930481;23.321888412;23.1972132905
528;2018-04-28 06:00:00;23.0857449089;23.2598930481;23.321888412;23.1972132905;23.2601713062
529;2018-04-28 06:30:00;23.2598930481;23.321888412;23.1972132905;23.2601713062;23.3879957128
530;2018-04-28 07:00:00;23.321888412;23.1972132905;23.2601713062;23.3879957128;23.6066452304
531;2018-04-28 07:30:00;23.1972132905;23.2601713062;23.3879957128;23.6066452304;23.5117521368
532;2018-04-28 08:00:00;23.2601713062;23.3879957128;23.6066452304;23.5117521368;23.3311897106
533;2018-04-28 08:30:00;23.3879957128;23.6066452304;23.5117521368;23.3311897106;23.4593147752
534;2018-04-28 09:00:00;23.6066452304;23.5117521368;23.3311897106;23.4593147752;23.540192926
535;2018-04-28 09:30:00;23.5117521368;23.3311897106;23.4593147752;23.540192926;23.5416666667
536;2018-04-28 10:00:00;23.3311897106;23.4593147752;23.540192926;23.5416666667;23.5176093917
537;2018-04-28 10:30:00;23.4593147752;23.540192926;23.5416666667;23.5176093917;23.7491995731
538;2018-04-28 11:00:00;23.540192926;23.5416666667;23.5176093917;23.7491995731;23.393810032
539;2018-04-28 11:30:00;23.5416666667;23.5176093917;23.7491995731;23.393810032;23.4557097118
540;2018-04-28 12:00:00;23.5176093917;23.7491995731;23.393810032;23.4557097118;23.436965812
541;2018-04-28 12:30:00;23.7491995731;23.393810032;23.4557097118;23.436965812;23.4717784878
542;2018-04-28 13:00:00;23.393810032;23.4557097118;23.436965812;23.4717784878;23.4727854856
543;2018-04-28 13:30:00;23.4557097118;23.436965812;23.4717784878;23.4727854856;23.5974440895
544;2018-04-28 14:00:00;23.436965812;23.4717784878;23.4727854856;23.5974440895;23.7532051282
545;2018-04-28 14:30:00;23.4717784878;23.4727854856;23.5974440895;23.7532051282;23.5831556503
546;2018-04-28 15:00:00;23.4727854856;23.5974440895;23.7532051282;23.5831556503;23.4166666667
547;2018-04-28 15:30:00;23.5974440895;23.7532051282;23.5831556503;23.4166666667;23.4930629669
548;2018-04-28 16:00:00;23.7532051282;23.5831556503;23.4166666667;23.4930629669;23.4381663113
549;2018-04-28 16:30:00;23.5831556503;23.4166666667;23.4930629669;23.4381663113;23.4104477612
550;2018-04-28 17:00:00;23.4166666667;23.4930629669;23.4381663113;23.4104477612;23.7803837953
551;2018-04-28 17:30:00;23.4930629669;23.4381663113;23.4104477612;23.7803837953;23.7590618337
552;2018-04-28 18:00:00;23.4381663113;23.4104477612;23.7803837953;23.7590618337;23.6371398079
553;2018-04-28 18:30:00;23.4104477612;23.7803837953;23.7590618337;23.6371398079;23.8019169329
554;2018-04-28 19:00:00;23.7803837953;23.7590618337;23.6371398079;23.8019169329;23.5021367521
555;2018-04-28 19:30:00;23.7590618337;23.6371398079;23.8019169329;23.5021367521;23.6748400853
556;2018-04-28 20:00:00;23.6371398079;23.8019169329;23.5021367521;23.6748400853;23.5715811966
557;2018-04-28 20:30:00;23.8019169329;23.5021367521;23.6748400853;23.5715811966;23.5447761194
558;2018-04-28 21:00:00;23.5021367521;23.6748400853;23.5715811966;23.5447761194;23.6104589114
559;2018-04-28 21:30:00;23.6748400853;23.5715811966;23.5447761194;23.6104589114;23.5005324814
560;2018-04-28 22:00:00;23.5715811966;23.5447761194;23.6104589114;23.5005324814;23.2774813234
561;2018-04-28 22:30:00;23.5447761194;23.6104589114;23.5005324814;23.2774813234;23.2822151225
562;2018-04-28 23:00:00;23.6104589114;23.5005324814;23.2774813234;23.2822151225;23.6812366738
563;2018-04-28 23:30:00;23.5005324814;23.2774813234;23.2822151225;23.6812366738;23.4632587859
564;2018-04-29 00:00:00;23.2774813234;23.2822151225;23.6812366738;23.4632587859;23.6577540107
565;2018-04-29 00:30:00;23.2822151225;23.6812366738;23.4632587859;23.6577540107;23.795503212
566;2018-04-29 01:00:00;23.6812366738;23.4632587859;23.6577540107;23.795503212;23.7792068596
567;2018-04-29 01:30:00;23.4632587859;23.6577540107;23.795503212;23.7792068596;23.5449678801
568;2018-04-29 02:00:00;23.6577540107;23.795503212;23.7792068596;23.5449678801;23.2840300107
569;2018-04-29 02:30:00;23.795503212;23.7792068596;23.5449678801;23.2840300107;23.256684492
570;2018-04-29 03:00:00;23.7792068596;23.5449678801;23.2840300107;23.256684492;23.3233404711
571;2018-04-29 03:30:00;23.5449678801;23.2840300107;23.256684492;23.3233404711;23.4925053533
572;2018-04-29 04:00:00;23.2840300107;23.256684492;23.3233404711;23.4925053533;23.4122055675
573;2018-04-29 04:30:00;23.256684492;23.3233404711;23.4925053533;23.4122055675;23.2762312634
574;2018-04-29 05:00:00;23.3233404711;23.4925053533;23.4122055675;23.2762312634;23.3083511777
575;2018-04-29 05:30:00;23.4925053533;23.4122055675;23.2762312634;23.3083511777;23.1531049251
576;2018-04-29 06:00:00;23.4122055675;23.2762312634;23.3083511777;23.1531049251;23.4053475936
577;2018-04-29 06:30:00;23.2762312634;23.3083511777;23.1531049251;23.4053475936;23.4497863248
578;2018-04-29 07:00:00;23.3083511777;23.1531049251;23.4053475936;23.4497863248;23.424437299
579;2018-04-29 07:30:00;23.1531049251;23.4053475936;23.4497863248;23.424437299;23.328342246
580;2018-04-29 08:00:00;23.4053475936;23.4497863248;23.424437299;23.328342246;23.3229613734
581;2018-04-29 08:30:00;23.4497863248;23.424437299;23.328342246;23.3229613734;23.3201284797
582;2018-04-29 09:00:00;23.424437299;23.328342246;23.3229613734;23.3201284797;23.4550321199
583;2018-04-29 09:30:00;23.328342246;23.3229613734;23.3201284797;23.4550321199;23.4010695187
584;2018-04-29 10:00:00;23.3229613734;23.3201284797;23.4550321199;23.4010695187;23.3848614072
585;2018-04-29 10:30:00;23.3201284797;23.4550321199;23.4010695187;23.3848614072;23.3208955224
586;2018-04-29 11:00:00;23.4550321199;23.4010695187;23.3848614072;23.3208955224;23.1696905016
587;2018-04-29 11:30:00;23.4010695187;23.3848614072;23.3208955224;23.1696905016;23.0702875399
588;2018-04-29 12:00:00;23.3848614072;23.3208955224;23.1696905016;23.0702875399;23.2966915688
589;2018-04-29 12:30:00;23.3208955224;23.1696905016;23.0702875399;23.2966915688;23.4276595745
590;2018-04-29 13:00:00;23.1696905016;23.0702875399;23.2966915688;23.4276595745;23.393810032
591;2018-04-29 13:30:00;23.0702875399;23.2966915688;23.4276595745;23.393810032;23.3351120598
592;2018-04-29 14:00:00;23.2966915688;23.4276595745;23.393810032;23.3351120598;23.4172892209
593;2018-04-29 14:30:00;23.4276595745;23.393810032;23.3351120598;23.4172892209;23.3855165069
594;2018-04-29 15:00:00;23.393810032;23.3351120598;23.4172892209;23.3855165069;23.5042643923
595;2018-04-29 15:30:00;23.3351120598;23.4172892209;23.3855165069;23.5042643923;23.6
596;2018-04-29 16:00:00;23.4172892209;23.3855165069;23.5042643923;23.6;23.5624332978
597;2018-04-29 16:30:00;23.3855165069;23.5042643923;23.6;23.5624332978;23.6734258271
598;2018-04-29 17:00:00;23.5042643923;23.6;23.5624332978;23.6734258271;23.5645677695
599;2018-04-29 17:30:00;23.6;23.5624332978;23.6734258271;23.5645677695;23.6503198294
600;2018-04-29 18:00:00;23.5624332978;23.6734258271;23.5645677695;23.6503198294;23.5933831377
601;2018-04-29 18:30:00;23.6734258271;23.5645677695;23.6503198294;23.5933831377;23.5053304904
602;2018-04-29 19:00:00;23.5645677695;23.6503198294;23.5933831377;23.5053304904;23.6798292423
603;2018-04-29 19:30:00;23.6503198294;23.5933831377;23.5053304904;23.6798292423;23.3961661342
604;2018-04-29 20:00:00;23.5933831377;23.5053304904;23.6798292423;23.3961661342;23.3432835821
605;2018-04-29 20:30:00;23.5053304904;23.6798292423;23.3961661342;23.3432835821;23.3763326226
606;2018-04-29 21:00:00;23.6798292423;23.3961661342;23.3432835821;23.3763326226;23.5464247599
607;2018-04-29 21:30:00;23.3961661342;23.3432835821;23.3763326226;23.5464247599;23.4983991462
608;2018-04-29 22:00:00;23.3432835821;23.3763326226;23.5464247599;23.4983991462;23.4482390608
609;2018-04-29 22:30:00;23.3763326226;23.5464247599;23.4983991462;23.4482390608;23.6883671291
610;2018-04-29 23:00:00;23.5464247599;23.4983991462;23.4482390608;23.6883671291;23.5671641791
611;2018-04-29 23:30:00;23.4983991462;23.4482390608;23.6883671291;23.5671641791;23.5874200426
612;2018-04-30 00:00:00;23.4482390608;23.6883671291;23.5671641791;23.5874200426;23.5841371919
613;2018-04-30 00:30:00;23.6883671291;23.5671641791;23.5874200426;23.5841371919;23.5882352941
614;2018-04-30 01:00:00;23.5671641791;23.5874200426;23.5841371919;23.5882352941;23.5728051392
615;2018-04-30 01:30:00;23.5874200426;23.5841371919;23.5882352941;23.5728051392;23.5711229947
616;2018-04-30 02:00:00;23.5841371919;23.5882352941;23.5728051392;23.5711229947;23.3536977492
617;2018-04-30 02:30:00;23.5882352941;23.5728051392;23.5711229947;23.3536977492;23.3040685225
618;2018-04-30 03:00:00;23.5728051392;23.5711229947;23.3536977492;23.3040685225;23.3929336188
619;2018-04-30 03:30:00;23.5711229947;23.3536977492;23.3040685225;23.3929336188;23.3262032086
620;2018-04-30 04:00:00;23.3536977492;23.3040685225;23.3929336188;23.3262032086;23.7037433155
621;2018-04-30 04:30:00;23.3040685225;23.3929336188;23.3262032086;23.7037433155;23.9006410256
622;2018-04-30 05:00:00;23.3929336188;23.3262032086;23.7037433155;23.9006410256;23.817987152
623;2018-04-30 05:30:00;23.3262032086;23.7037433155;23.9006410256;23.817987152;23.7933618844
624;2018-04-30 06:00:00;23.7037433155;23.9006410256;23.817987152;23.7933618844;23.7027896996
625;2018-04-30 06:30:00;23.9006410256;23.817987152;23.7933618844;23.7027896996;23.7155080214
626;2018-04-30 07:00:00;23.817987152;23.7933618844;23.7027896996;23.7155080214;23.7505353319
627;2018-04-30 07:30:00;23.7933618844;23.7027896996;23.7155080214;23.7505353319;23.5993589744
628;2018-04-30 08:00:00;23.7027896996;23.7155080214;23.7505353319;23.5993589744;23.7623126338
629;2018-04-30 08:30:00;23.7155080214;23.7505353319;23.5993589744;23.7623126338;23.8611111111
630;2018-04-30 09:00:00;23.7505353319;23.5993589744;23.7623126338;23.8611111111;23.5802997859
631;2018-04-30 09:30:00;23.5993589744;23.7623126338;23.8611111111;23.5802997859;23.5240128068
632;2018-04-30 10:00:00;23.7623126338;23.8611111111;23.5802997859;23.5240128068;23.4322305229
633;2018-04-30 10:30:00;23.8611111111;23.5802997859;23.5240128068;23.4322305229;23.3607257204
634;2018-04-30 11:00:00;23.5802997859;23.5240128068;23.4322305229;23.3607257204;23.5138592751
635;2018-04-30 11:30:00;23.5240128068;23.4322305229;23.3607257204;23.5138592751;23.4300960512
636;2018-04-30 12:00:00;23.4322305229;23.3607257204;23.5138592751;23.4300960512;23.4781216649
637;2018-04-30 12:30:00;23.3607257204;23.5138592751;23.4300960512;23.4781216649;23.4882729211
638;2018-04-30 13:00:00;23.5138592751;23.4300960512;23.4781216649;23.4882729211;23.6271367521
639;2018-04-30 13:30:00;23.4300960512;23.4781216649;23.4882729211;23.6271367521;23.4074468085
640;2018-04-30 14:00:00;23.4781216649;23.4882729211;23.6271367521;23.4074468085;23.3486140725
641;2018-04-30 14:30:00;23.4882729211;23.6271367521;23.4074468085;23.3486140725;23.3486140725
642;2018-04-30 15:00:00;23.6271367521;23.4074468085;23.3486140725;23.3486140725;23.3724653148
643;2018-04-30 15:30:00;23.4074468085;23.3486140725;23.3486140725;23.3724653148;23.4125799574
644;2018-04-30 16:00:00;23.3486140725;23.3486140725;23.3724653148;23.4125799574;23.469017094
645;2018-04-30 16:30:00;23.3486140725;23.3724653148;23.4125799574;23.469017094;23.3848614072
646;2018-04-30 17:00:00;23.3724653148;23.4125799574;23.469017094;23.3848614072;23.592750533
647;2018-04-30 17:30:00;23.4125799574;23.469017094;23.3848614072;23.592750533;23.5319829424
648;2018-04-30 18:00:00;23.469017094;23.3848614072;23.592750533;23.5319829424;23.4866595518
649;2018-04-30 18:30:00;23.3848614072;23.592750533;23.5319829424;23.4866595518;23.5101171459
650;2018-04-30 19:00:00;23.592750533;23.5319829424;23.4866595518;23.5101171459;23.8591248666
651;2018-04-30 19:30:00;23.5319829424;23.4866595518;23.5101171459;23.8591248666;23.5585106383
652;2018-04-30 20:00:00;23.4866595518;23.5101171459;23.8591248666;23.5585106383;23.375
653;2018-04-30 20:30:00;23.5101171459;23.8591248666;23.5585106383;23.375;23.421108742
654;2018-04-30 21:00:00;23.8591248666;23.5585106383;23.375;23.421108742;23.5458422175
655;2018-04-30 21:30:00;23.5585106383;23.375;23.421108742;23.5458422175;23.7609391676
656;2018-04-30 22:00:00;23.375;23.421108742;23.5458422175;23.7609391676;23.477054429
657;2018-04-30 22:30:00;23.421108742;23.5458422175;23.7609391676;23.477054429;23.828358209
658;2018-04-30 23:00:00;23.5458422175;23.7609391676;23.477054429;23.828358209;23.7643923241
659;2018-04-30 23:30:00;23.7609391676;23.477054429;23.828358209;23.7643923241;23.9020234292
660;2018-05-01 00:00:00;23.477054429;23.828358209;23.7643923241;23.9020234292;23.8474758324
661;2018-05-01 00:30:00;23.828358209;23.7643923241;23.9020234292;23.8474758324;23.755888651
662;2018-05-01 01:00:00;23.7643923241;23.9020234292;23.8474758324;23.755888651;23.9559613319
663;2018-05-01 01:30:00;23.9020234292;23.8474758324;23.755888651;23.9559613319;23.9935553169
664;2018-05-01 02:00:00;23.8474758324;23.755888651;23.9559613319;23.9935553169;23.9785177229
665;2018-05-01 02:30:00;23.755888651;23.9559613319;23.9935553169;23.9785177229;23.8713826367
666;2018-05-01 03:00:00;23.9559613319;23.9935553169;23.9785177229;23.8713826367;23.8690987124
667;2018-05-01 03:30:00;23.9935553169;23.9785177229;23.8713826367;23.8690987124;23.741693462
668;2018-05-01 04:00:00;23.9785177229;23.8713826367;23.8690987124;23.741693462;23.6763129689
669;2018-05-01 04:30:00;23.8713826367;23.8690987124;23.741693462;23.6763129689;23.7127545552
670;2018-05-01 05:00:00;23.8690987124;23.741693462;23.6763129689;23.7127545552;23.8292158969
671;2018-05-01 05:30:00;23.741693462;23.6763129689;23.7127545552;23.8292158969;23.7997858672
672;2018-05-01 06:00:00;23.6763129689;23.7127545552;23.8292158969;23.7997858672;23.9003215434
673;2018-05-01 06:30:00;23.7127545552;23.8292158969;23.7997858672;23.9003215434;23.8096774194
674;2018-05-01 07:00:00;23.8292158969;23.7997858672;23.9003215434;23.8096774194;23.9603004292
675;2018-05-01 07:30:00;23.7997858672;23.9003215434;23.8096774194;23.9603004292;23.9
676;2018-05-01 08:00:00;23.9003215434;23.8096774194;23.9603004292;23.9;23.9356223176
677;2018-05-01 08:30:00;23.8096774194;23.9603004292;23.9;23.9356223176;23.8721804511
678;2018-05-01 09:00:00;23.9603004292;23.9;23.9356223176;23.8721804511;23.4732334047
679;2018-05-01 09:30:00;23.9;23.9356223176;23.8721804511;23.4732334047;23.8290322581
680;2018-05-01 10:00:00;23.9356223176;23.8721804511;23.4732334047;23.8290322581;23.652733119
681;2018-05-01 10:30:00;23.8721804511;23.4732334047;23.8290322581;23.652733119;23.9572192513
682;2018-05-01 11:00:00;23.4732334047;23.8290322581;23.652733119;23.9572192513;23.5882352941
683;2018-05-01 11:30:00;23.8290322581;23.652733119;23.9572192513;23.5882352941;23.5176470588
684;2018-05-01 12:00:00;23.652733119;23.9572192513;23.5882352941;23.5176470588;23.6385026738
685;2018-05-01 12:30:00;23.9572192513;23.5882352941;23.5176470588;23.6385026738;23.4132762313
686;2018-05-01 13:00:00;23.5882352941;23.5176470588;23.6385026738;23.4132762313;23.4461045891
687;2018-05-01 13:30:00;23.5176470588;23.6385026738;23.4132762313;23.4461045891;23.766025641
688;2018-05-01 14:00:00;23.6385026738;23.4132762313;23.4461045891;23.766025641;23.5460385439
689;2018-05-01 14:30:00;23.4132762313;23.4461045891;23.766025641;23.5460385439;23.7197860963
690;2018-05-01 15:00:00;23.4461045891;23.766025641;23.5460385439;23.7197860963;23.9442658092
691;2018-05-01 15:30:00;23.766025641;23.5460385439;23.7197860963;23.9442658092;23.9561027837
692;2018-05-01 16:00:00;23.5460385439;23.7197860963;23.9442658092;23.9561027837;23.9624866024
693;2018-05-01 16:30:00;23.7197860963;23.9442658092;23.9561027837;23.9624866024;23.777540107
694;2018-05-01 17:00:00;23.9442658092;23.9561027837;23.9624866024;23.777540107;23.920855615
695;2018-05-01 17:30:00;23.9561027837;23.9624866024;23.777540107;23.920855615;23.9444444444
696;2018-05-01 18:00:00;23.9624866024;23.777540107;23.920855615;23.9444444444;23.9496788009
697;2018-05-01 18:30:00;23.777540107;23.920855615;23.9444444444;23.9496788009;24.0
698;2018-05-01 19:00:00;23.920855615;23.9444444444;23.9496788009;24.0;24.0
699;2018-05-01 19:30:00;23.9444444444;23.9496788009;24.0;24.0;23.9967880086
700;2018-05-01 20:00:00;23.9496788009;24.0;24.0;23.9967880086;23.9989293362
701;2018-05-01 20:30:00;24.0;24.0;23.9967880086;23.9989293362;24.0
702;2018-05-01 21:00:00;24.0;23.9967880086;23.9989293362;24.0;24.0
703;2018-05-01 21:30:00;23.9967880086;23.9989293362;24.0;24.0;23.9465240642
704;2018-05-01 22:00:00;23.9989293362;24.0;24.0;23.9465240642;23.9571275456
705;2018-05-01 22:30:00;24.0;24.0;23.9465240642;23.9571275456;24.0
706;2018-05-01 23:00:00;24.0;23.9465240642;23.9571275456;24.0;24.0
707;2018-05-01 23:30:00;23.9465240642;23.9571275456;24.0;24.0;24.0
708;2018-05-02 00:00:00;23.9571275456;24.0;24.0;24.0;24.0
709;2018-05-02 00:30:00;24.0;24.0;24.0;24.0;24.0
710;2018-05-02 01:00:00;24.0;24.0;24.0;24.0;24.0
711;2018-05-02 01:30:00;24.0;24.0;24.0;24.0;23.9785177229
712;2018-05-02 02:00:00;24.0;24.0;24.0;23.9785177229;23.9956989247
713;2018-05-02 02:30:00;24.0;24.0;23.9785177229;23.9956989247;23.9538626609
714;2018-05-02 03:00:00;24.0;23.9785177229;23.9956989247;23.9538626609;23.9935483871
715;2018-05-02 03:30:00;23.9785177229;23.9956989247;23.9538626609;23.9935483871;23.8066595059
716;2018-05-02 04:00:00;23.9956989247;23.9538626609;23.9935483871;23.8066595059;23.8626609442
717;2018-05-02 04:30:00;23.9538626609;23.9935483871;23.8066595059;23.8626609442;23.936695279
718;2018-05-02 05:00:00;23.9935483871;23.8066595059;23.8626609442;23.936695279;24.0
719;2018-05-02 05:30:00;23.8066595059;23.8626609442;23.936695279;24.0;24.0
720;2018-05-02 06:00:00;23.8626609442;23.936695279;24.0;24.0;24.0
721;2018-05-02 06:30:00;23.936695279;24.0;24.0;24.0;23.5568669528
722;2018-05-02 07:00:00;24.0;24.0;24.0;23.5568669528;23.9989258861
723;2018-05-02 07:30:00;24.0;24.0;23.5568669528;23.9989258861;23.9967776584
724;2018-05-02 08:00:00;24.0;23.5568669528;23.9989258861;23.9967776584;23.9989247312
725;2018-05-02 08:30:00;23.5568669528;23.9989258861;23.9967776584;23.9989247312;23.9989247312
726;2018-05-02 09:00:00;23.9989258861;23.9967776584;23.9989247312;23.9989247312;23.9752953813
727;2018-05-02 09:30:00;23.9967776584;23.9989247312;23.9989247312;23.9752953813;23.9795918367
728;2018-05-02 10:00:00;23.9989247312;23.9989247312;23.9752953813;23.9795918367;23.9014989293
729;2018-05-02 10:30:00;23.9989247312;23.9752953813;23.9795918367;23.9014989293;23.9486631016
730;2018-05-02 11:00:00;23.9752953813;23.9795918367;23.9014989293;23.9486631016;23.6891747053
731;2018-05-02 11:30:00;23.9795918367;23.9014989293;23.9486631016;23.6891747053;23.7903743316
732;2018-05-02 12:00:00;23.9014989293;23.9486631016;23.6891747053;23.7903743316;23.7569593148
733;2018-05-02 12:30:00;23.9486631016;23.6891747053;23.7903743316;23.7569593148;23.610042735
734;2018-05-02 13:00:00;23.6891747053;23.7903743316;23.7569593148;23.610042735;23.822079314
735;2018-05-02 13:30:00;23.7903743316;23.7569593148;23.610042735;23.822079314;23.5182012848
736;2018-05-02 14:00:00;23.7569593148;23.610042735;23.822079314;23.5182012848;23.3644158628
737;2018-05-02 14:30:00;23.610042735;23.822079314;23.5182012848;23.3644158628;23.4336188437
738;2018-05-02 15:00:00;23.822079314;23.5182012848;23.3644158628;23.4336188437;23.3897216274
739;2018-05-02 15:30:00;23.5182012848;23.3644158628;23.4336188437;23.3897216274;23.9315508021
740;2018-05-02 16:00:00;23.3644158628;23.4336188437;23.3897216274;23.9315508021;23.9154175589
741;2018-05-02 16:30:00;23.4336188437;23.3897216274;23.9315508021;23.9154175589;23.9978586724
742;2018-05-02 17:00:00;23.3897216274;23.9315508021;23.9154175589;23.9978586724;23.9796355841
743;2018-05-02 17:30:00;23.9315508021;23.9154175589;23.9978586724;23.9796355841;23.8
744;2018-05-02 18:00:00;23.9154175589;23.9978586724;23.9796355841;23.8;23.8983957219
745;2018-05-02 18:30:00;23.9978586724;23.9796355841;23.8;23.8983957219;23.8274383708
746;2018-05-02 19:00:00;23.9796355841;23.8;23.8983957219;23.8274383708;23.8885316184
747;2018-05-02 19:30:00;23.8;23.8983957219;23.8274383708;23.8885316184;24.0
748;2018-05-02 20:00:00;23.8983957219;23.8274383708;23.8885316184;24.0;23.9978563773
749;2018-05-02 20:30:00;23.8274383708;23.8885316184;24.0;23.9978563773;24.0
750;2018-05-02 21:00:00;23.8885316184;24.0;23.9978563773;24.0;23.9849946409
751;2018-05-02 21:30:00;24.0;23.9978563773;24.0;23.9849946409;23.7740899358
752;2018-05-02 22:00:00;23.9978563773;24.0;23.9849946409;23.7740899358;23.8124330118
753;2018-05-02 22:30:00;24.0;23.9849946409;23.7740899358;23.8124330118;23.8704496788
754;2018-05-02 23:00:00;23.9849946409;23.7740899358;23.8124330118;23.8704496788;23.8497854077
755;2018-05-02 23:30:00;23.7740899358;23.8124330118;23.8704496788;23.8497854077;23.7871657754
756;2018-05-03 00:00:00;23.8124330118;23.8704496788;23.8497854077;23.7871657754;24.0
757;2018-05-03 00:30:00;23.8704496788;23.8497854077;23.7871657754;24.0;24.0
758;2018-05-03 01:00:00;23.8497854077;23.7871657754;24.0;24.0;24.0
759;2018-05-03 01:30:00;23.7871657754;24.0;24.0;24.0;23.7916219119
760;2018-05-03 02:00:00;24.0;24.0;24.0;23.7916219119;23.8873390558
761;2018-05-03 02:30:00;24.0;24.0;23.7916219119;23.8873390558;23.8413719185
762;2018-05-03 03:00:00;24.0;23.7916219119;23.8873390558;23.8413719185;23.9237379162
763;2018-05-03 03:30:00;23.7916219119;23.8873390558;23.8413719185;23.9237379162;23.9419978518
764;2018-05-03 04:00:00;23.8873390558;23.8413719185;23.9237379162;23.9419978518;23.9657020364
765;2018-05-03 04:30:00;23.8413719185;23.9237379162;23.9419978518;23.9657020364;23.9409237379
766;2018-05-03 05:00:00;23.9237379162;23.9419978518;23.9657020364;23.9409237379;24.0
767;2018-05-03 05:30:00;23.9419978518;23.9657020364;23.9409237379;24.0;24.0
768;2018-05-03 06:00:00;23.9657020364;23.9409237379;24.0;24.0;23.9967776584
769;2018-05-03 06:30:00;23.9409237379;24.0;24.0;23.9967776584;23.8786251343
770;2018-05-03 07:00:00;24.0;24.0;23.9967776584;23.8786251343;23.8421052632
771;2018-05-03 07:30:00;24.0;23.9967776584;23.8786251343;23.8421052632;23.8485499463
772;2018-05-03 08:00:00;23.9967776584;23.8786251343;23.8421052632;23.8485499463;23.187366167
773;2018-05-03 08:30:00;23.8786251343;23.8421052632;23.8485499463;23.187366167;23.6838156484
774;2018-05-03 09:00:00;23.8421052632;23.8485499463;23.187366167;23.6838156484;24.0
775;2018-05-03 09:30:00;23.8485499463;23.187366167;23.6838156484;24.0;24.0
776;2018-05-03 10:00:00;23.187366167;23.6838156484;24.0;24.0;24.0
777;2018-05-03 10:30:00;23.6838156484;24.0;24.0;24.0;24.0
778;2018-05-06 19:00:00;24.0;24.0;24.0;24.0;24.2806603774
779;2018-05-06 19:30:00;24.0;24.0;24.0;24.2806603774;24.4145299145
780;2018-05-06 20:00:00;24.0;24.0;24.2806603774;24.4145299145;24.2090032154
781;2018-05-06 20:30:00;24.0;24.2806603774;24.4145299145;24.2090032154;24.3212379936
782;2018-05-06 21:00:00;24.2806603774;24.4145299145;24.2090032154;24.3212379936;24.4417112299
783;2018-05-06 21:30:00;24.4145299145;24.2090032154;24.3212379936;24.4417112299;24.4722814499
784;2018-05-06 22:00:00;24.2090032154;24.3212379936;24.4417112299;24.4722814499;24.4032085561
785;2018-05-06 22:30:00;24.3212379936;24.4417112299;24.4722814499;24.4032085561;24.2230522946
786;2018-05-06 23:00:00;24.4417112299;24.4722814499;24.4032085561;24.2230522946;24.4310160428
787;2018-05-06 23:30:00;24.4722814499;24.4032085561;24.2230522946;24.4310160428;24.4482390608
788;2018-05-07 00:00:00;24.4032085561;24.2230522946;24.4310160428;24.4482390608;24.7116827438
789;2018-05-07 00:30:00;24.2230522946;24.4310160428;24.4482390608;24.7116827438;24.447311828
790;2018-05-07 01:00:00;24.4310160428;24.4482390608;24.7116827438;24.447311828;24.1405579399
791;2018-05-07 01:30:00;24.4482390608;24.7116827438;24.447311828;24.1405579399;24.4319399786
792;2018-05-07 02:00:00;24.7116827438;24.447311828;24.1405579399;24.4319399786;24.3933547696
793;2018-05-07 02:30:00;24.447311828;24.1405579399;24.4319399786;24.3933547696;24.7156652361
794;2018-05-07 03:00:00;24.1405579399;24.4319399786;24.3933547696;24.7156652361;24.2824919441
795;2018-05-07 03:30:00;24.4319399786;24.3933547696;24.7156652361;24.2824919441;24.0
796;2018-05-07 04:00:00;24.3933547696;24.7156652361;24.2824919441;24.0;24.0375536481
797;2018-05-07 04:30:00;24.7156652361;24.2824919441;24.0;24.0375536481;24.6888412017
798;2018-05-07 05:00:00;24.2824919441;24.0;24.0375536481;24.6888412017;24.6948608137
799;2018-05-07 05:30:00;24.0;24.0375536481;24.6888412017;24.6948608137;24.6902465166
800;2018-05-07 06:00:00;24.0375536481;24.6888412017;24.6948608137;24.6902465166;24.7379162191
801;2018-05-07 06:30:00;24.6888412017;24.6948608137;24.6902465166;24.7379162191;24.9122055675
802;2018-05-07 07:00:00;24.6948608137;24.6902465166;24.7379162191;24.9122055675;24.8479657388
803;2018-05-07 07:30:00;24.6902465166;24.7379162191;24.9122055675;24.8479657388;24.9817792069
804;2018-05-07 08:00:00;24.7379162191;24.9122055675;24.8479657388;24.9817792069;24.9989316239
805;2018-05-07 08:30:00;24.9122055675;24.8479657388;24.9817792069;24.9989316239;25.0
806;2018-05-07 09:00:00;24.8479657388;24.9817792069;24.9989316239;25.0;24.860664523
807;2018-05-07 09:30:00;24.9817792069;24.9989316239;25.0;24.860664523;24.9614561028
808;2018-05-07 10:00:00;24.9989316239;25.0;24.860664523;24.9614561028;24.977588047
809;2018-05-07 10:30:00;25.0;24.860664523;24.9614561028;24.977588047;24.9349680171
810;2018-05-07 11:00:00;24.860664523;24.9614561028;24.977588047;24.9349680171;24.8397435897
811;2018-05-07 11:30:00;24.9614561028;24.977588047;24.9349680171;24.8397435897;24.9199573106
812;2018-05-07 12:00:00;24.977588047;24.9349680171;24.8397435897;24.9199573106;24.8974358974
813;2018-05-07 12:30:00;24.9349680171;24.8397435897;24.9199573106;24.8974358974;24.8002136752
814;2018-05-07 13:00:00;24.8397435897;24.9199573106;24.8974358974;24.8002136752;24.4271948608
815;2018-05-07 13:30:00;24.9199573106;24.8974358974;24.8002136752;24.4271948608;24.2508004269
816;2018-05-07 14:00:00;24.8974358974;24.8002136752;24.4271948608;24.2508004269;24.6613076099
817;2018-05-07 14:30:00;24.8002136752;24.4271948608;24.2508004269;24.6613076099;24.8742004264
818;2018-05-07 15:00:00;24.4271948608;24.2508004269;24.6613076099;24.8742004264;24.9551760939
819;2018-05-07 15:30:00;24.2508004269;24.6613076099;24.8742004264;24.9551760939;24.8036286019
820;2018-05-07 16:00:00;24.6613076099;24.8742004264;24.9551760939;24.8036286019;24.8078975454
821;2018-05-07 16:30:00;24.8742004264;24.9551760939;24.8036286019;24.8078975454;24.8176972281
822;2018-05-07 17:00:00;24.9551760939;24.8036286019;24.8078975454;24.8176972281;24.9156883671
823;2018-05-07 17:30:00;24.8036286019;24.8078975454;24.8176972281;24.9156883671;24.6951871658
824;2018-05-07 18:00:00;24.8078975454;24.8176972281;24.9156883671;24.6951871658;24.8226495726
825;2018-05-07 18:30:00;24.8176972281;24.9156883671;24.6951871658;24.8226495726;24.5970149254
826;2018-05-07 19:00:00;24.9156883671;24.6951871658;24.8226495726;24.5970149254;24.9989316239
827;2018-05-07 19:30:00;24.6951871658;24.8226495726;24.5970149254;24.9989316239;24.868869936
828;2018-05-07 20:00:00;24.8226495726;24.5970149254;24.9989316239;24.868869936;24.8514957265
829;2018-05-07 20:30:00;24.5970149254;24.9989316239;24.868869936;24.8514957265;24.86339381
830;2018-05-07 21:00:00;24.9989316239;24.868869936;24.8514957265;24.86339381;24.6346153846
831;2018-05-07 21:30:00;24.868869936;24.8514957265;24.86339381;24.6346153846;24.8441835646
832;2018-05-07 22:00:00;24.8514957265;24.86339381;24.6346153846;24.8441835646;24.9348290598
833;2018-05-07 22:30:00;24.86339381;24.6346153846;24.8441835646;24.9348290598;24.5598290598
834;2018-05-07 23:00:00;24.6346153846;24.8441835646;24.9348290598;24.5598290598;24.4134615385
835;2018-05-07 23:30:00;24.8441835646;24.9348290598;24.5598290598;24.4134615385;24.5587606838
836;2018-05-08 00:00:00;24.9348290598;24.5598290598;24.4134615385;24.5587606838;24.5869098712
837;2018-05-08 00:30:00;24.5598290598;24.4134615385;24.5587606838;24.5869098712;24.6827438371
838;2018-05-08 01:00:00;24.4134615385;24.5587606838;24.5869098712;24.6827438371;24.9517684887
839;2018-05-08 01:30:00;24.5587606838;24.5869098712;24.6827438371;24.9517684887;24.9165775401
840;2018-05-08 02:00:00;24.5869098712;24.6827438371;24.9517684887;24.9165775401;24.8201284797
841;2018-05-08 02:30:00;24.6827438371;24.9517684887;24.9165775401;24.8201284797;24.9518201285
842;2018-05-08 03:00:00;24.9517684887;24.9165775401;24.8201284797;24.9518201285;24.9914346895
843;2018-05-08 03:30:00;24.9165775401;24.8201284797;24.9518201285;24.9914346895;25.0
844;2018-05-08 04:00:00;24.8201284797;24.9518201285;24.9914346895;25.0;24.7886266094
845;2018-05-08 04:30:00;24.9518201285;24.9914346895;25.0;24.7886266094;24.8972162741
846;2018-05-08 05:00:00;24.9914346895;25.0;24.7886266094;24.8972162741;24.9989281886
847;2018-05-08 05:30:00;25.0;24.7886266094;24.8972162741;24.9989281886;24.7933618844
848;2018-05-08 06:00:00;24.7886266094;24.8972162741;24.9989281886;24.7933618844;24.965738758
849;2018-05-08 06:30:00;24.8972162741;24.9989281886;24.7933618844;24.965738758;24.9667738478
850;2018-05-08 07:00:00;24.9989281886;24.7933618844;24.965738758;24.9667738478;24.9229122056
851;2018-05-08 07:30:00;24.7933618844;24.965738758;24.9667738478;24.9229122056;24.8779443255
852;2018-05-08 08:00:00;24.965738758;24.9667738478;24.9229122056;24.8779443255;24.4420600858
853;2018-05-08 08:30:00;24.9667738478;24.9229122056;24.8779443255;24.4420600858;24.2365591398
854;2018-05-08 09:00:00;24.9229122056;24.8779443255;24.4420600858;24.2365591398;24.5112540193
855;2018-05-08 09:30:00;24.8779443255;24.4420600858;24.2365591398;24.5112540193;24.4173819742
856;2018-05-08 10:00:00;24.4420600858;24.2365591398;24.5112540193;24.4173819742;24.2379421222
857;2018-05-08 10:30:00;24.2365591398;24.5112540193;24.4173819742;24.2379421222;24.2302771855
858;2018-05-08 11:00:00;24.5112540193;24.4173819742;24.2379421222;24.2302771855;24.5074946467
859;2018-05-08 11:30:00;24.4173819742;24.2379421222;24.2302771855;24.5074946467;24.6886993603
860;2018-05-08 12:00:00;24.2379421222;24.2302771855;24.5074946467;24.6886993603;24.9032258065
