N,Fecha,temperatura,Humedad,Indice Calorifico,,TEMP
1,16/04/2018 15:08,24,38,23.45,,1
2,16/04/2018 15:08,24,38,23.45,,2
3,16/04/2018 15:08,24,38,23.45,,3
4,16/04/2018 15:08,24,38,23.45,,4
5,16/04/2018 15:08,25,37,24.52,,5
6,16/04/2018 15:08,24,38,23.45,,6
7,16/04/2018 15:08,25,37,24.52,,7
8,16/04/2018 15:08,24,38,23.45,,8
9,16/04/2018 15:08,24,38,23.45,,9
10,16/04/2018 15:08,25,37,24.52,,10
11,16/04/2018 15:08,24,38,23.45,,11
12,16/04/2018 15:08,25,37,24.52,,12
13,16/04/2018 15:08,25,37,24.52,,13
14,16/04/2018 15:08,25,37,24.52,,14
15,16/04/2018 15:08,25,37,24.52,,15
16,16/04/2018 15:08,25,37,24.52,,16
17,16/04/2018 15:08,25,37,24.52,,17
18,16/04/2018 15:08,25,37,24.52,,18
19,16/04/2018 15:08,25,37,24.52,,19
20,16/04/2018 15:08,25,37,24.52,,20
21,16/04/2018 15:08,25,37,24.52,,21
22,16/04/2018 15:08,25,37,24.52,,22
23,16/04/2018 15:08,25,37,24.52,,23
24,16/04/2018 15:08,25,37,24.52,,24
25,16/04/2018 15:08,25,37,24.52,,25
26,16/04/2018 15:08,25,37,24.52,,26
27,16/04/2018 15:08,25,37,24.52,,27
28,16/04/2018 15:08,25,37,24.52,,28
29,16/04/2018 15:08,25,37,24.52,,29
30,16/04/2018 15:08,25,37,24.52,,30
31,16/04/2018 15:08,25,37,24.52,,31
32,16/04/2018 15:08,25,37,24.52,,32
33,16/04/2018 15:09,25,37,24.52,,33
34,16/04/2018 15:09,25,37,24.52,,34
35,16/04/2018 15:09,25,37,24.52,,35
36,16/04/2018 15:09,25,37,24.52,,36
37,16/04/2018 15:09,25,37,24.52,,37
38,16/04/2018 15:09,25,37,24.52,,38
39,16/04/2018 15:09,25,37,24.52,,39
40,16/04/2018 15:09,25,37,24.52,,40
41,16/04/2018 15:09,25,37,24.52,,41
42,16/04/2018 15:09,25,37,24.52,,42
43,16/04/2018 15:09,25,37,24.52,,43
44,16/04/2018 15:09,25,37,24.52,,44
45,16/04/2018 15:09,25,37,24.52,,45
46,16/04/2018 15:09,25,37,24.52,,46
47,16/04/2018 15:09,25,37,24.52,,47
48,16/04/2018 15:09,25,37,24.52,,48
49,16/04/2018 15:09,25,37,24.52,,49
50,16/04/2018 15:09,25,37,24.52,,50
51,16/04/2018 15:09,25,37,24.52,,51
52,16/04/2018 15:09,25,37,24.52,,52
53,16/04/2018 15:09,25,37,24.52,,53
54,16/04/2018 15:09,25,37,24.52,,54
55,16/04/2018 15:09,25,37,24.52,,55
56,16/04/2018 15:09,25,37,24.52,,56
57,16/04/2018 15:09,25,37,24.52,,57
58,16/04/2018 15:09,25,37,24.52,,58
59,16/04/2018 15:09,25,37,24.52,,59
60,16/04/2018 15:09,25,37,24.52,,60
61,16/04/2018 15:09,25,37,24.52,,61
62,16/04/2018 15:09,25,37,24.52,,62
63,16/04/2018 15:09,25,37,24.52,,63
64,16/04/2018 15:09,25,37,24.52,,64
65,16/04/2018 15:10,25,37,24.52,,65
66,16/04/2018 15:10,25,37,24.52,,66
67,16/04/2018 15:10,25,37,24.52,,67
68,16/04/2018 15:10,25,37,24.52,,68
69,16/04/2018 15:10,25,37,24.52,,69
70,16/04/2018 15:10,25,37,24.52,,70
71,16/04/2018 15:10,25,37,24.52,,71
72,16/04/2018 15:10,25,37,24.52,,72
73,16/04/2018 15:10,25,37,24.52,,73
74,16/04/2018 15:10,25,37,24.52,,74
75,16/04/2018 15:10,25,37,24.52,,75
76,16/04/2018 15:10,25,37,24.52,,76
77,16/04/2018 15:10,25,37,24.52,,77
78,16/04/2018 15:10,25,37,24.52,,78
79,16/04/2018 15:10,25,37,24.52,,79
80,16/04/2018 15:10,25,37,24.52,,80
81,16/04/2018 15:10,25,37,24.52,,81
82,16/04/2018 15:10,25,37,24.52,,82
83,16/04/2018 15:10,25,37,24.52,,83
84,16/04/2018 15:10,25,37,24.52,,84
85,16/04/2018 15:10,25,37,24.52,,85
86,16/04/2018 15:10,25,37,24.52,,86
87,16/04/2018 15:10,25,37,24.52,,87
88,16/04/2018 15:10,25,37,24.52,,88
89,16/04/2018 15:10,25,37,24.52,,89
90,16/04/2018 15:10,25,37,24.52,,90
91,16/04/2018 15:10,25,37,24.52,,91
92,16/04/2018 15:10,25,37,24.52,,92
93,16/04/2018 15:10,25,37,24.52,,93
94,16/04/2018 15:10,25,37,24.52,,94
95,16/04/2018 15:10,25,37,24.52,,95
96,16/04/2018 15:11,25,37,24.52,,96
97,16/04/2018 15:11,25,37,24.52,,97
98,16/04/2018 15:11,25,37,24.52,,98
99,16/04/2018 15:11,25,37,24.52,,99
100,16/04/2018 15:11,25,37,24.52,,100
101,16/04/2018 15:11,25,37,24.52,,101
102,16/04/2018 15:11,25,37,24.52,,102
103,16/04/2018 15:11,25,37,24.52,,103
104,16/04/2018 15:11,25,37,24.52,,104
105,16/04/2018 15:11,25,37,24.52,,105
106,16/04/2018 15:11,25,37,24.52,,106
107,16/04/2018 15:11,25,37,24.52,,107
108,16/04/2018 15:11,25,37,24.52,,108
109,16/04/2018 15:11,25,37,24.52,,109
110,16/04/2018 15:11,25,37,24.52,,110
111,16/04/2018 15:11,25,37,24.52,,111
112,16/04/2018 15:11,25,37,24.52,,112
113,16/04/2018 15:11,25,37,24.52,,113
114,16/04/2018 15:11,25,37,24.52,,114
115,16/04/2018 15:11,25,37,24.52,,115
116,16/04/2018 15:11,25,37,24.52,,116
117,16/04/2018 15:11,25,37,24.52,,117
118,16/04/2018 15:11,25,37,24.52,,118
119,16/04/2018 15:11,25,37,24.52,,119
120,16/04/2018 15:11,25,37,24.52,,120
121,16/04/2018 15:11,25,37,24.52,,121
122,16/04/2018 15:11,25,37,24.52,,122
123,16/04/2018 15:11,25,37,24.52,,123
124,16/04/2018 15:11,25,37,24.52,,124
125,16/04/2018 15:11,25,37,24.52,,125
126,16/04/2018 15:11,25,37,24.52,,126
127,16/04/2018 15:12,25,37,24.52,,127
128,16/04/2018 15:12,25,37,24.52,,128
129,16/04/2018 15:12,25,37,24.52,,129
130,16/04/2018 15:12,25,37,24.52,,130
131,16/04/2018 15:12,25,37,24.52,,131
132,16/04/2018 15:12,25,37,24.52,,132
133,16/04/2018 15:12,25,37,24.52,,133
134,16/04/2018 15:12,25,37,24.52,,134
135,16/04/2018 15:12,25,37,24.52,,135
136,16/04/2018 15:12,25,37,24.52,,136
137,16/04/2018 15:12,24,38,23.45,,137
138,16/04/2018 15:12,24,38,23.45,,138
139,16/04/2018 15:12,24,38,23.45,,139
140,16/04/2018 15:12,24,38,23.45,,140
141,16/04/2018 15:12,25,37,24.52,,141
142,16/04/2018 15:12,24,38,23.45,,142
143,16/04/2018 15:12,24,38,23.45,,143
144,16/04/2018 15:12,24,38,23.45,,144
145,16/04/2018 15:12,25,37,24.52,,145
146,16/04/2018 15:12,25,37,24.52,,146
147,16/04/2018 15:12,24,38,23.45,,147
148,16/04/2018 15:12,24,38,23.45,,148
149,16/04/2018 15:12,24,38,23.45,,149
150,16/04/2018 15:12,25,37,24.52,,150
151,16/04/2018 15:12,24,38,23.45,,151
152,16/04/2018 15:12,24,38,23.45,,152
153,16/04/2018 15:12,24,38,23.45,,153
154,16/04/2018 15:12,25,37,24.52,,154
155,16/04/2018 15:12,25,37,24.52,,155
156,16/04/2018 15:12,25,37,24.52,,156
157,16/04/2018 15:12,25,37,24.52,,157
158,16/04/2018 15:12,25,37,24.52,,158
159,16/04/2018 15:13,25,37,24.52,,159
160,16/04/2018 15:13,25,37,24.52,,160
161,16/04/2018 15:13,25,37,24.52,,
162,16/04/2018 15:13,25,37,24.52,,
163,16/04/2018 15:13,25,37,24.52,,
164,16/04/2018 15:13,25,37,24.52,,
165,16/04/2018 15:13,25,37,24.52,,
166,16/04/2018 15:13,25,37,24.52,,
167,16/04/2018 15:13,25,37,24.52,,
168,16/04/2018 15:13,25,37,24.52,,
169,16/04/2018 15:13,25,37,24.52,,
170,16/04/2018 15:13,25,37,24.52,,
171,16/04/2018 15:13,25,37,24.52,,
172,16/04/2018 15:13,25,37,24.52,,
173,16/04/2018 15:13,25,37,24.52,,
174,16/04/2018 15:13,25,37,24.52,,
175,16/04/2018 15:13,25,37,24.52,,
176,16/04/2018 15:13,25,37,24.52,,
177,16/04/2018 15:13,25,37,24.52,,
178,16/04/2018 15:13,25,37,24.52,,
179,16/04/2018 15:13,25,37,24.52,,
180,16/04/2018 15:13,25,37,24.52,,
181,16/04/2018 15:13,25,37,24.52,,
182,16/04/2018 15:13,25,37,24.52,,
183,16/04/2018 15:13,25,37,24.52,,
184,16/04/2018 15:13,25,37,24.52,,
185,16/04/2018 15:13,25,37,24.52,,
186,16/04/2018 15:13,25,37,24.52,,
187,16/04/2018 15:13,25,37,24.52,,
188,16/04/2018 15:13,25,37,24.52,,
189,16/04/2018 15:13,25,37,24.52,,
190,16/04/2018 15:14,25,37,24.52,,
191,16/04/2018 15:14,25,37,24.52,,
192,16/04/2018 15:14,25,37,24.52,,
193,16/04/2018 15:14,25,37,24.52,,
194,16/04/2018 15:14,25,37,24.52,,
195,16/04/2018 15:14,25,37,24.52,,
196,16/04/2018 15:14,25,37,24.52,,
197,16/04/2018 15:14,25,37,24.52,,
198,16/04/2018 15:14,25,37,24.52,,
199,16/04/2018 15:14,25,37,24.52,,
200,16/04/2018 15:14,25,37,24.52,,
201,16/04/2018 15:14,25,37,24.52,,
202,16/04/2018 15:14,25,37,24.52,,
203,16/04/2018 15:14,25,37,24.52,,
204,16/04/2018 15:14,25,37,24.52,,
205,16/04/2018 15:14,25,37,24.52,,
206,16/04/2018 15:14,25,37,24.52,,
207,16/04/2018 15:14,25,37,24.52,,
208,16/04/2018 15:14,25,37,24.52,,
209,16/04/2018 15:14,25,37,24.52,,
210,16/04/2018 15:14,25,37,24.52,,
211,16/04/2018 15:14,25,37,24.52,,
212,16/04/2018 15:14,25,37,24.52,,
213,16/04/2018 15:14,25,37,24.52,,
214,16/04/2018 15:14,25,37,24.52,,
215,16/04/2018 15:14,25,37,24.52,,
216,16/04/2018 15:14,25,37,24.52,,
217,16/04/2018 15:14,25,37,24.52,,
218,16/04/2018 15:14,25,37,24.52,,
219,16/04/2018 15:14,25,37,24.52,,
220,16/04/2018 15:14,25,37,24.52,,
221,16/04/2018 15:15,25,37,24.52,,
222,16/04/2018 15:15,25,37,24.52,,
223,16/04/2018 15:15,25,37,24.52,,
224,16/04/2018 15:15,25,37,24.52,,
225,16/04/2018 15:15,25,37,24.52,,
226,16/04/2018 15:15,25,37,24.52,,
227,16/04/2018 15:15,25,37,24.52,,
228,16/04/2018 15:15,25,37,24.52,,
229,16/04/2018 15:15,25,37,24.52,,
230,16/04/2018 15:15,25,37,24.52,,
231,16/04/2018 15:15,25,37,24.52,,
232,16/04/2018 15:15,25,37,24.52,,
233,16/04/2018 15:15,25,37,24.52,,
234,16/04/2018 15:15,25,37,24.52,,
235,16/04/2018 15:15,25,37,24.52,,
236,16/04/2018 15:15,25,37,24.52,,
237,16/04/2018 15:15,25,37,24.52,,
238,16/04/2018 15:15,25,37,24.52,,
239,16/04/2018 15:15,25,37,24.52,,
240,16/04/2018 15:15,25,37,24.52,,
241,16/04/2018 15:15,25,37,24.52,,
242,16/04/2018 15:15,25,37,24.52,,
243,16/04/2018 15:15,25,37,24.52,,
244,16/04/2018 15:15,25,37,24.52,,
245,16/04/2018 15:15,25,37,24.52,,
246,16/04/2018 15:15,25,37,24.52,,
247,16/04/2018 15:15,25,37,24.52,,
248,16/04/2018 15:15,25,37,24.52,,
249,16/04/2018 15:15,25,37,24.52,,
250,16/04/2018 15:15,25,37,24.52,,
251,16/04/2018 15:15,25,37,24.52,,
252,16/04/2018 15:16,25,37,24.52,,
253,16/04/2018 15:16,25,37,24.52,,
254,16/04/2018 15:16,25,37,24.52,,
255,16/04/2018 15:16,25,37,24.52,,
256,16/04/2018 15:16,25,37,24.52,,
257,16/04/2018 15:16,25,37,24.52,,
258,16/04/2018 15:16,25,37,24.52,,
259,16/04/2018 15:16,25,37,24.52,,
-29271,17/04/2018 10:53,25,37,24.52,,
-29270,17/04/2018 10:53,25,37,24.52,,
-29269,17/04/2018 10:53,25,37,24.52,,
-29268,17/04/2018 10:53,25,37,24.52,,
-29267,17/04/2018 10:53,25,37,24.52,,
-29266,17/04/2018 10:53,25,37,24.52,,
-29265,17/04/2018 10:53,25,37,24.52,,
-29264,17/04/2018 10:53,25,37,24.52,,
-29263,17/04/2018 10:53,25,37,24.52,,
-29262,17/04/2018 10:53,25,37,24.52,,
-29261,17/04/2018 10:53,25,37,24.52,,
-29260,17/04/2018 10:53,25,37,24.52,,
-29259,17/04/2018 10:53,25,37,24.52,,
-29258,17/04/2018 10:53,25,37,24.52,,
-29257,17/04/2018 10:53,25,37,24.52,,
-29256,17/04/2018 10:53,25,37,24.52,,
-29255,17/04/2018 10:53,25,37,24.52,,
-29254,17/04/2018 10:53,25,37,24.52,,
-29253,17/04/2018 10:53,25,37,24.52,,
-29252,17/04/2018 10:53,25,37,24.52,,
-29251,17/04/2018 10:53,25,37,24.52,,
-29250,17/04/2018 10:53,25,37,24.52,,
-29249,17/04/2018 10:53,25,37,24.52,,
-29248,17/04/2018 10:53,25,37,24.52,,
-29247,17/04/2018 10:54,25,37,24.52,,
-29246,17/04/2018 10:54,25,37,24.52,,
-29245,17/04/2018 10:54,25,37,24.52,,
-29244,17/04/2018 10:54,25,37,24.52,,
-29243,17/04/2018 10:54,25,37,24.52,,
-29242,17/04/2018 10:54,25,37,24.52,,
-29241,17/04/2018 10:54,25,37,24.52,,
-29240,17/04/2018 10:54,25,37,24.52,,
-29239,17/04/2018 10:54,25,37,24.52,,
-29238,17/04/2018 10:54,25,37,24.52,,
-29237,17/04/2018 10:54,25,37,24.52,,
-29236,17/04/2018 10:54,25,37,24.52,,
-29235,17/04/2018 10:54,25,37,24.52,,
-29234,17/04/2018 10:54,25,37,24.52,,
-29233,17/04/2018 10:54,25,37,24.52,,
-29232,17/04/2018 10:54,25,37,24.52,,
-29231,17/04/2018 10:54,25,37,24.52,,
-29230,17/04/2018 10:54,25,37,24.52,,
-29229,17/04/2018 10:54,25,37,24.52,,
-29228,17/04/2018 10:54,25,37,24.52,,
-29227,17/04/2018 10:54,25,37,24.52,,
-29226,17/04/2018 10:54,25,37,24.52,,
-29225,17/04/2018 10:54,25,37,24.52,,
-29224,17/04/2018 10:54,25,37,24.52,,
-29223,17/04/2018 10:54,25,37,24.52,,
-29222,17/04/2018 10:54,25,37,24.52,,
-29221,17/04/2018 10:54,25,37,24.52,,
-29220,17/04/2018 10:54,25,37,24.52,,
-29219,17/04/2018 10:54,25,37,24.52,,
-29218,17/04/2018 10:54,25,37,24.52,,
-29217,17/04/2018 10:55,25,37,24.52,,
-29216,17/04/2018 10:55,25,37,24.52,,
-29215,17/04/2018 10:55,25,37,24.52,,
-29214,17/04/2018 10:55,25,37,24.52,,
-29213,17/04/2018 10:55,25,37,24.52,,
-29212,17/04/2018 10:55,25,37,24.52,,
-29211,17/04/2018 10:55,25,37,24.52,,
-29210,17/04/2018 10:55,25,37,24.52,,
-29209,17/04/2018 10:55,25,37,24.52,,
-29208,17/04/2018 10:55,25,37,24.52,,
-29207,17/04/2018 10:55,25,37,24.52,,
-29206,17/04/2018 10:55,25,37,24.52,,
-29205,17/04/2018 10:55,25,37,24.52,,
-29204,17/04/2018 10:55,25,37,24.52,,
-29203,17/04/2018 10:55,25,37,24.52,,
-29202,17/04/2018 10:55,25,37,24.52,,
-29201,17/04/2018 10:55,25,37,24.52,,
-29200,17/04/2018 10:55,25,37,24.52,,
-29199,17/04/2018 10:55,25,37,24.52,,
-29198,17/04/2018 10:55,25,37,24.52,,
-29197,17/04/2018 10:55,25,37,24.52,,
-29196,17/04/2018 10:55,25,37,24.52,,
-29195,17/04/2018 10:55,25,37,24.52,,
-29194,17/04/2018 10:55,25,37,24.52,,
-29193,17/04/2018 10:55,25,37,24.52,,
-29192,17/04/2018 10:55,25,37,24.52,,
-29191,17/04/2018 10:55,25,37,24.52,,
-29190,17/04/2018 10:55,25,37,24.52,,
-29189,17/04/2018 10:55,25,37,24.52,,
-29188,17/04/2018 10:55,25,37,24.52,,
-29187,17/04/2018 10:56,25,37,24.52,,
-29186,17/04/2018 10:56,25,37,24.52,,
-29185,17/04/2018 10:56,25,37,24.52,,
-29184,17/04/2018 10:56,25,37,24.52,,
-29183,17/04/2018 10:56,25,37,24.52,,
-29182,17/04/2018 10:56,25,37,24.52,,
-29181,17/04/2018 10:56,25,37,24.52,,
-29180,17/04/2018 10:56,25,37,24.52,,
-29179,17/04/2018 10:56,25,37,24.52,,
-29178,17/04/2018 10:56,25,37,24.52,,
-29177,17/04/2018 10:56,25,37,24.52,,
-29176,17/04/2018 10:56,25,37,24.52,,
-29175,17/04/2018 10:56,25,37,24.52,,
-29174,17/04/2018 10:56,25,37,24.52,,
-29173,17/04/2018 10:56,25,37,24.52,,
-29172,17/04/2018 10:56,25,37,24.52,,
-29171,17/04/2018 10:56,25,37,24.52,,
-29170,17/04/2018 10:56,25,37,24.52,,
-29169,17/04/2018 10:56,25,37,24.52,,
-29168,17/04/2018 10:56,25,37,24.52,,
-29167,17/04/2018 10:56,25,37,24.52,,
-29166,17/04/2018 10:56,25,37,24.52,,
-29165,17/04/2018 10:56,25,37,24.52,,
-29164,17/04/2018 10:56,25,37,24.52,,
-29163,17/04/2018 10:56,25,37,24.52,,
-29162,17/04/2018 10:56,25,37,24.52,,
-29161,17/04/2018 10:56,25,37,24.52,,
-29160,17/04/2018 10:56,25,37,24.52,,
-29159,17/04/2018 10:56,25,37,24.52,,
-29158,17/04/2018 10:56,25,37,24.52,,
-29157,17/04/2018 10:56,25,37,24.52,,
-29156,17/04/2018 10:57,25,37,24.52,,
-29155,17/04/2018 10:57,25,37,24.52,,
-29154,17/04/2018 10:57,25,37,24.52,,
-29153,17/04/2018 10:57,25,37,24.52,,
-29152,17/04/2018 10:57,25,37,24.52,,
-29151,17/04/2018 10:57,25,37,24.52,,
-29150,17/04/2018 10:57,25,37,24.52,,
-29149,17/04/2018 10:57,25,37,24.52,,
-29148,17/04/2018 10:57,25,37,24.52,,
-29147,17/04/2018 10:57,24,38,23.45,,
-29146,17/04/2018 10:57,25,37,24.52,,
-29145,17/04/2018 10:57,25,37,24.52,,
-29144,17/04/2018 10:57,25,37,24.52,,
-29143,17/04/2018 10:57,25,37,24.52,,
-29142,17/04/2018 10:57,25,37,24.52,,
-29141,17/04/2018 10:57,25,37,24.52,,
-29140,17/04/2018 10:57,25,37,24.52,,
-29139,17/04/2018 10:57,25,37,24.52,,
-29138,17/04/2018 10:57,25,37,24.52,,
-29137,17/04/2018 10:57,25,37,24.52,,
-29136,17/04/2018 10:57,25,37,24.52,,
-29135,17/04/2018 10:57,25,37,24.52,,
-29134,17/04/2018 10:57,25,37,24.52,,
-29133,17/04/2018 10:57,25,37,24.52,,
-29132,17/04/2018 10:57,25,37,24.52,,
-29131,17/04/2018 10:57,25,37,24.52,,
-29130,17/04/2018 10:57,25,37,24.52,,
-29129,17/04/2018 10:57,25,37,24.52,,
-29128,17/04/2018 10:57,25,37,24.52,,
-29127,17/04/2018 10:57,24,38,23.45,,
-29126,17/04/2018 10:58,24,38,23.45,,
-29125,17/04/2018 10:58,25,37,24.52,,
-29124,17/04/2018 10:58,25,37,24.52,,
-29123,17/04/2018 10:58,25,37,24.52,,
-29122,17/04/2018 10:58,25,37,24.52,,
-29121,17/04/2018 10:58,25,37,24.52,,
-29120,17/04/2018 10:58,25,37,24.52,,
-29119,17/04/2018 10:58,25,37,24.52,,
-29118,17/04/2018 10:58,25,37,24.52,,
-29117,17/04/2018 10:58,25,37,24.52,,
-29116,17/04/2018 10:58,25,37,24.52,,
-29115,17/04/2018 10:58,25,37,24.52,,
-29114,17/04/2018 10:58,25,37,24.52,,
-29113,17/04/2018 10:58,25,37,24.52,,
-29112,17/04/2018 10:58,25,37,24.52,,
-29111,17/04/2018 10:58,25,37,24.52,,
-29110,17/04/2018 10:58,25,37,24.52,,
-29109,17/04/2018 10:58,25,37,24.52,,
-29108,17/04/2018 10:58,25,37,24.52,,
-29107,17/04/2018 10:58,25,37,24.52,,
-29106,17/04/2018 10:58,25,37,24.52,,
-29105,17/04/2018 10:58,25,37,24.52,,
-29104,17/04/2018 10:58,25,37,24.52,,
-29103,17/04/2018 10:58,25,37,24.52,,
-29102,17/04/2018 10:58,25,37,24.52,,
-29101,17/04/2018 10:58,25,37,24.52,,
-29100,17/04/2018 10:58,25,37,24.52,,
-29099,17/04/2018 10:58,25,37,24.52,,
-29098,17/04/2018 10:58,25,37,24.52,,
-29097,17/04/2018 10:59,25,37,24.52,,
-29096,17/04/2018 10:59,25,37,24.52,,
-29095,17/04/2018 10:59,25,37,24.52,,
-29094,17/04/2018 10:59,25,37,24.52,,
-29093,17/04/2018 10:59,25,37,24.52,,
-29092,17/04/2018 10:59,25,37,24.52,,
-29091,17/04/2018 10:59,25,37,24.52,,
-29090,17/04/2018 10:59,25,37,24.52,,
-29089,17/04/2018 10:59,25,37,24.52,,
-29088,17/04/2018 10:59,25,37,24.52,,
-29087,17/04/2018 10:59,25,37,24.52,,
-29086,17/04/2018 10:59,25,37,24.52,,
-29085,17/04/2018 10:59,25,37,24.52,,
-29084,17/04/2018 10:59,25,37,24.52,,
-29083,17/04/2018 10:59,25,37,24.52,,
-29082,17/04/2018 10:59,25,37,24.52,,
-29081,17/04/2018 10:59,25,37,24.52,,
-29080,17/04/2018 10:59,25,37,24.52,,
-29079,17/04/2018 10:59,25,37,24.52,,
-29078,17/04/2018 10:59,25,37,24.52,,
-29077,17/04/2018 10:59,25,37,24.52,,
-29076,17/04/2018 10:59,25,37,24.52,,
-29075,17/04/2018 10:59,25,37,24.52,,
-29074,17/04/2018 10:59,25,37,24.52,,
-29073,17/04/2018 10:59,25,37,24.52,,
-29072,17/04/2018 10:59,25,37,24.52,,
-29071,17/04/2018 10:59,25,37,24.52,,
-29070,17/04/2018 10:59,25,37,24.52,,
-29069,17/04/2018 10:59,25,37,24.52,,
-29068,17/04/2018 10:59,25,37,24.52,,
-29067,17/04/2018 10:59,25,37,24.52,,
-29066,17/04/2018 11:00,25,37,24.52,,
-29065,17/04/2018 11:00,25,37,24.52,,
-29064,17/04/2018 11:00,25,37,24.52,,
-29063,17/04/2018 11:00,25,37,24.52,,
-29062,17/04/2018 11:00,25,37,24.52,,
-29061,17/04/2018 11:00,25,37,24.52,,
-29060,17/04/2018 11:00,25,37,24.52,,
-29059,17/04/2018 11:00,25,37,24.52,,
-29058,17/04/2018 11:00,25,37,24.52,,
-29057,17/04/2018 11:00,25,37,24.52,,
-29056,17/04/2018 11:00,25,37,24.52,,
-29055,17/04/2018 11:00,25,37,24.52,,
-29054,17/04/2018 11:00,25,37,24.52,,
-29053,17/04/2018 11:00,25,37,24.52,,
-29052,17/04/2018 11:00,25,37,24.52,,
-29051,17/04/2018 11:00,25,37,24.52,,
-29050,17/04/2018 11:00,25,37,24.52,,
-29049,17/04/2018 11:00,25,37,24.52,,
-29048,17/04/2018 11:00,25,37,24.52,,
-29047,17/04/2018 11:00,25,37,24.52,,
-29046,17/04/2018 11:00,25,37,24.52,,
-29045,17/04/2018 11:00,25,37,24.52,,
-29044,17/04/2018 11:00,25,37,24.52,,
-29043,17/04/2018 11:00,25,37,24.52,,
-29042,17/04/2018 11:00,25,37,24.52,,
-29041,17/04/2018 11:00,25,37,24.52,,
-29040,17/04/2018 11:00,25,37,24.52,,
-29039,17/04/2018 11:00,25,37,24.52,,
-29038,17/04/2018 11:00,25,37,24.52,,
-29037,17/04/2018 11:00,25,37,24.52,,
-29036,17/04/2018 11:01,25,37,24.52,,
-29035,17/04/2018 11:01,25,37,24.52,,
-29034,17/04/2018 11:01,25,37,24.52,,
-29033,17/04/2018 11:01,25,37,24.52,,
-29032,17/04/2018 11:01,25,37,24.52,,
-29031,17/04/2018 11:01,25,37,24.52,,
-29030,17/04/2018 11:01,25,37,24.52,,
-29029,17/04/2018 11:01,25,37,24.52,,
-29028,17/04/2018 11:01,25,37,24.52,,
-29027,17/04/2018 11:01,25,37,24.52,,
-29026,17/04/2018 11:01,25,37,24.52,,
-29025,17/04/2018 11:01,25,37,24.52,,
-29024,17/04/2018 11:01,25,37,24.52,,
-29023,17/04/2018 11:01,25,37,24.52,,
-29022,17/04/2018 11:01,25,37,24.52,,
-29021,17/04/2018 11:01,25,37,24.52,,
-29020,17/04/2018 11:01,25,37,24.52,,
-29019,17/04/2018 11:01,25,37,24.52,,
-29018,17/04/2018 11:01,25,37,24.52,,
-29017,17/04/2018 11:01,25,37,24.52,,
-29016,17/04/2018 11:01,25,37,24.52,,
-29015,17/04/2018 11:01,25,37,24.52,,
-29014,17/04/2018 11:01,25,37,24.52,,
-29013,17/04/2018 11:01,25,37,24.52,,
-29012,17/04/2018 11:01,25,37,24.52,,
-29011,17/04/2018 11:01,25,37,24.52,,
-29010,17/04/2018 11:01,25,37,24.52,,
-29009,17/04/2018 11:01,25,37,24.52,,
-29008,17/04/2018 11:01,25,37,24.52,,
-29007,17/04/2018 11:01,25,37,24.52,,
-29006,17/04/2018 11:01,25,37,24.52,,
-29005,17/04/2018 11:02,25,37,24.52,,
-29004,17/04/2018 11:02,25,37,24.52,,
-29003,17/04/2018 11:02,25,37,24.52,,
-29002,17/04/2018 11:02,25,37,24.52,,
-29001,17/04/2018 11:02,25,37,24.52,,
-29000,17/04/2018 11:02,25,37,24.52,,
-28999,17/04/2018 11:02,25,37,24.52,,
-28998,17/04/2018 11:02,25,37,24.52,,
-28997,17/04/2018 11:02,25,37,24.52,,
-28996,17/04/2018 11:02,25,37,24.52,,
-28995,17/04/2018 11:02,25,37,24.52,,
-28994,17/04/2018 11:02,25,37,24.52,,
-28993,17/04/2018 11:02,25,37,24.52,,
-28992,17/04/2018 11:02,25,37,24.52,,
-28991,17/04/2018 11:02,25,37,24.52,,
-28990,17/04/2018 11:02,25,37,24.52,,
-28989,17/04/2018 11:02,25,37,24.52,,
-28988,17/04/2018 11:02,25,37,24.52,,
-28987,17/04/2018 11:02,25,37,24.52,,
-28986,17/04/2018 11:02,25,37,24.52,,
-28985,17/04/2018 11:02,25,37,24.52,,
-28984,17/04/2018 11:02,25,37,24.52,,
-28983,17/04/2018 11:02,25,37,24.52,,
-28982,17/04/2018 11:02,25,37,24.52,,
-28981,17/04/2018 11:02,25,37,24.52,,
-28980,17/04/2018 11:02,25,37,24.52,,
-28979,17/04/2018 11:02,25,37,24.52,,
-28978,17/04/2018 11:02,25,37,24.52,,
-28977,17/04/2018 11:02,25,37,24.52,,
-28976,17/04/2018 11:02,25,37,24.52,,
-28975,17/04/2018 11:03,25,37,24.52,,
-28974,17/04/2018 11:03,25,37,24.52,,
-28973,17/04/2018 11:03,25,37,24.52,,
-28972,17/04/2018 11:03,25,37,24.52,,
-28971,17/04/2018 11:03,25,37,24.52,,
-28970,17/04/2018 11:03,25,37,24.52,,
-28969,17/04/2018 11:03,25,37,24.52,,
-28968,17/04/2018 11:03,25,37,24.52,,
-28967,17/04/2018 11:03,25,37,24.52,,
-28966,17/04/2018 11:03,25,37,24.52,,
-28965,17/04/2018 11:03,25,37,24.52,,
-28964,17/04/2018 11:03,25,37,24.52,,
-28963,17/04/2018 11:03,25,37,24.52,,
-28962,17/04/2018 11:03,25,37,24.52,,
-28961,17/04/2018 11:03,25,37,24.52,,
-28960,17/04/2018 11:03,25,37,24.52,,
-28959,17/04/2018 11:03,25,37,24.52,,
-28958,17/04/2018 11:03,25,37,24.52,,
-28957,17/04/2018 11:03,25,37,24.52,,
-28956,17/04/2018 11:03,25,37,24.52,,
-28955,17/04/2018 11:03,25,37,24.52,,
-28954,17/04/2018 11:03,25,37,24.52,,
-28953,17/04/2018 11:03,25,37,24.52,,
-28952,17/04/2018 11:03,25,37,24.52,,
-28951,17/04/2018 11:03,25,37,24.52,,
-28950,17/04/2018 11:03,25,37,24.52,,
-28949,17/04/2018 11:03,25,37,24.52,,
-28948,17/04/2018 11:03,25,37,24.52,,
-28947,17/04/2018 11:03,25,37,24.52,,
-28946,17/04/2018 11:03,25,37,24.52,,
-28945,17/04/2018 11:04,25,37,24.52,,
-28944,17/04/2018 11:04,25,37,24.52,,
-28943,17/04/2018 11:04,25,37,24.52,,
-28942,17/04/2018 11:04,25,37,24.52,,
-28941,17/04/2018 11:04,25,37,24.52,,
-28940,17/04/2018 11:04,25,37,24.52,,
-28939,17/04/2018 11:04,25,37,24.52,,
-28938,17/04/2018 11:04,25,37,24.52,,
-28937,17/04/2018 11:04,25,37,24.52,,
-28936,17/04/2018 11:04,25,37,24.52,,
-28935,17/04/2018 11:04,25,37,24.52,,
-28934,17/04/2018 11:04,25,37,24.52,,
-28933,17/04/2018 11:04,25,37,24.52,,
-28932,17/04/2018 11:04,25,37,24.52,,
-28931,17/04/2018 11:04,25,37,24.52,,
-28930,17/04/2018 11:04,25,37,24.52,,
-28929,17/04/2018 11:04,25,37,24.52,,
-28928,17/04/2018 11:04,25,37,24.52,,
-28927,17/04/2018 11:04,25,37,24.52,,
-28926,17/04/2018 11:04,25,37,24.52,,
-28925,17/04/2018 11:04,25,37,24.52,,
-28924,17/04/2018 11:04,25,37,24.52,,
-28923,17/04/2018 11:04,25,37,24.52,,
-28922,17/04/2018 11:04,25,37,24.52,,
-28921,17/04/2018 11:04,25,37,24.52,,
-28920,17/04/2018 11:04,25,37,24.52,,
-28919,17/04/2018 11:04,25,37,24.52,,
-28918,17/04/2018 11:04,25,37,24.52,,
-28917,17/04/2018 11:04,25,37,24.52,,
-28916,17/04/2018 11:04,25,37,24.52,,
-28915,17/04/2018 11:04,25,37,24.52,,
-28914,17/04/2018 11:05,25,37,24.52,,
-28913,17/04/2018 11:05,25,37,24.52,,
-28912,17/04/2018 11:05,25,37,24.52,,
-28911,17/04/2018 11:05,25,37,24.52,,
-28910,17/04/2018 11:05,25,37,24.52,,
-28909,17/04/2018 11:05,25,37,24.52,,
-28908,17/04/2018 11:05,25,37,24.52,,
-28907,17/04/2018 11:05,25,37,24.52,,
-28906,17/04/2018 11:05,25,37,24.52,,
-28905,17/04/2018 11:05,25,37,24.52,,
-28904,17/04/2018 11:05,25,37,24.52,,
-28903,17/04/2018 11:05,25,37,24.52,,
-28902,17/04/2018 11:05,25,37,24.52,,
-28901,17/04/2018 11:05,25,37,24.52,,
-28900,17/04/2018 11:05,25,37,24.52,,
-28899,17/04/2018 11:05,25,37,24.52,,
-28898,17/04/2018 11:05,25,37,24.52,,
-28897,17/04/2018 11:05,25,37,24.52,,
-28896,17/04/2018 11:05,25,37,24.52,,
-28895,17/04/2018 11:05,25,37,24.52,,
-28894,17/04/2018 11:05,25,37,24.52,,
-28893,17/04/2018 11:05,25,37,24.52,,
-28892,17/04/2018 11:05,25,37,24.52,,
-28891,17/04/2018 11:05,25,37,24.52,,
-28890,17/04/2018 11:05,25,37,24.52,,
-28889,17/04/2018 11:05,25,37,24.52,,
-28888,17/04/2018 11:05,25,37,24.52,,
-28887,17/04/2018 11:05,25,37,24.52,,
-28886,17/04/2018 11:05,25,37,24.52,,
-28885,17/04/2018 11:05,25,37,24.52,,
-28884,17/04/2018 11:06,25,37,24.52,,
-28883,17/04/2018 11:06,25,37,24.52,,
-28882,17/04/2018 11:06,25,37,24.52,,
-28881,17/04/2018 11:06,25,37,24.52,,
-28880,17/04/2018 11:06,25,37,24.52,,
-28879,17/04/2018 11:06,25,37,24.52,,
-28878,17/04/2018 11:06,25,37,24.52,,
-28877,17/04/2018 11:06,25,37,24.52,,
-28876,17/04/2018 11:06,25,37,24.52,,
-28875,17/04/2018 11:06,25,37,24.52,,
-28874,17/04/2018 11:06,25,37,24.52,,
-28873,17/04/2018 11:06,25,37,24.52,,
-28872,17/04/2018 11:06,25,37,24.52,,
-28871,17/04/2018 11:06,25,37,24.52,,
-28870,17/04/2018 11:06,25,37,24.52,,
-28869,17/04/2018 11:06,25,37,24.52,,
-28868,17/04/2018 11:06,25,37,24.52,,
-28867,17/04/2018 11:06,25,37,24.52,,
-28866,17/04/2018 11:06,25,37,24.52,,
-28865,17/04/2018 11:06,25,37,24.52,,
-28864,17/04/2018 11:06,25,37,24.52,,
-28863,17/04/2018 11:06,25,37,24.52,,
-28862,17/04/2018 11:06,25,37,24.52,,
-28861,17/04/2018 11:06,25,37,24.52,,
-28860,17/04/2018 11:06,25,37,24.52,,
-28859,17/04/2018 11:06,25,37,24.52,,
-28858,17/04/2018 11:06,25,37,24.52,,
-28857,17/04/2018 11:06,25,37,24.52,,
-28856,17/04/2018 11:06,25,37,24.52,,
-28855,17/04/2018 11:06,25,37,24.52,,
-28854,17/04/2018 11:06,25,37,24.52,,
-28853,17/04/2018 11:07,25,37,24.52,,
-28852,17/04/2018 11:07,25,37,24.52,,
-28851,17/04/2018 11:07,25,37,24.52,,
-28850,17/04/2018 11:07,25,37,24.52,,
-28849,17/04/2018 11:07,25,37,24.52,,
-28848,17/04/2018 11:07,25,37,24.52,,
-28847,17/04/2018 11:07,25,37,24.52,,
-28846,17/04/2018 11:07,25,37,24.52,,
-28845,17/04/2018 11:07,25,37,24.52,,
-28844,17/04/2018 11:07,25,37,24.52,,
-28843,17/04/2018 11:07,25,37,24.52,,
-28842,17/04/2018 11:07,25,37,24.52,,
-28841,17/04/2018 11:07,25,37,24.52,,
-28840,17/04/2018 11:07,25,37,24.52,,
-28839,17/04/2018 11:07,25,37,24.52,,
-28838,17/04/2018 11:07,25,37,24.52,,
-28837,17/04/2018 11:07,25,37,24.52,,
-28836,17/04/2018 11:07,25,37,24.52,,
-28835,17/04/2018 11:07,25,37,24.52,,
-28834,17/04/2018 11:07,25,37,24.52,,
-28833,17/04/2018 11:07,25,37,24.52,,
-28832,17/04/2018 11:07,25,37,24.52,,
-28831,17/04/2018 11:07,25,37,24.52,,
-28830,17/04/2018 11:07,25,37,24.52,,
-28829,17/04/2018 11:07,25,37,24.52,,
-28828,17/04/2018 11:07,25,37,24.52,,
-28827,17/04/2018 11:07,25,37,24.52,,
-28826,17/04/2018 11:07,25,37,24.52,,
-28825,17/04/2018 11:07,25,37,24.52,,
-28824,17/04/2018 11:07,25,37,24.52,,
-28823,17/04/2018 11:08,25,37,24.52,,
-28822,17/04/2018 11:08,25,37,24.52,,
-28821,17/04/2018 11:08,25,37,24.52,,
-28820,17/04/2018 11:08,25,37,24.52,,
-28819,17/04/2018 11:08,25,37,24.52,,
-28818,17/04/2018 11:08,25,37,24.52,,
-28817,17/04/2018 11:08,25,37,24.52,,
-28816,17/04/2018 11:08,25,37,24.52,,
-28815,17/04/2018 11:08,25,37,24.52,,
-28814,17/04/2018 11:08,25,37,24.52,,
-28813,17/04/2018 11:08,25,37,24.52,,
-28812,17/04/2018 11:08,25,37,24.52,,
-28811,17/04/2018 11:08,25,37,24.52,,
-28810,17/04/2018 11:08,25,37,24.52,,
-28809,17/04/2018 11:08,25,37,24.52,,
-28808,17/04/2018 11:08,25,37,24.52,,
-28807,17/04/2018 11:08,25,37,24.52,,
-28806,17/04/2018 11:08,25,37,24.52,,
-28805,17/04/2018 11:08,25,37,24.52,,
-28804,17/04/2018 11:08,25,37,24.52,,
-28803,17/04/2018 11:08,25,37,24.52,,
-28802,17/04/2018 11:08,25,37,24.52,,
-28801,17/04/2018 11:08,25,37,24.52,,
-28800,17/04/2018 11:08,25,37,24.52,,
-28799,17/04/2018 11:08,25,37,24.52,,
-28798,17/04/2018 11:08,25,37,24.52,,
-28797,17/04/2018 11:08,25,37,24.52,,
-28796,17/04/2018 11:08,25,37,24.52,,
-28795,17/04/2018 11:08,25,37,24.52,,
-28794,17/04/2018 11:08,25,37,24.52,,
-28793,17/04/2018 11:09,25,37,24.52,,
-28792,17/04/2018 11:09,25,37,24.52,,
-28791,17/04/2018 11:09,25,37,24.52,,
-28790,17/04/2018 11:09,25,37,24.52,,
-28789,17/04/2018 11:09,25,37,24.52,,
-28788,17/04/2018 11:09,25,37,24.52,,
-28787,17/04/2018 11:09,25,37,24.52,,
-28786,17/04/2018 11:09,25,37,24.52,,
-28785,17/04/2018 11:09,25,37,24.52,,
-28784,17/04/2018 11:09,25,37,24.52,,
-28783,17/04/2018 11:09,25,37,24.52,,
-28782,17/04/2018 11:09,25,37,24.52,,
-28781,17/04/2018 11:09,25,37,24.52,,
-28780,17/04/2018 11:09,25,37,24.52,,
-28779,17/04/2018 11:09,25,37,24.52,,
-28778,17/04/2018 11:09,25,37,24.52,,
-28777,17/04/2018 11:09,25,37,24.52,,
-28776,17/04/2018 11:09,25,37,24.52,,
-28775,17/04/2018 11:09,25,37,24.52,,
-28774,17/04/2018 11:09,25,37,24.52,,
-28773,17/04/2018 11:09,25,37,24.52,,
-28772,17/04/2018 11:09,25,37,24.52,,
-28771,17/04/2018 11:09,25,37,24.52,,
-28770,17/04/2018 11:09,25,37,24.52,,
-28769,17/04/2018 11:09,25,37,24.52,,
-28768,17/04/2018 11:09,25,37,24.52,,
-28767,17/04/2018 11:09,25,37,24.52,,
-28766,17/04/2018 11:09,25,37,24.52,,
-28765,17/04/2018 11:09,25,37,24.52,,
-28764,17/04/2018 11:09,25,37,24.52,,
-28763,17/04/2018 11:09,25,37,24.52,,
-28762,17/04/2018 11:10,25,37,24.52,,
-28761,17/04/2018 11:10,25,37,24.52,,
-28760,17/04/2018 11:10,25,37,24.52,,
-28759,17/04/2018 11:10,25,37,24.52,,
-28758,17/04/2018 11:10,25,37,24.52,,
-28757,17/04/2018 11:10,25,37,24.52,,
-28756,17/04/2018 11:10,25,37,24.52,,
-28755,17/04/2018 11:10,25,37,24.52,,
-28754,17/04/2018 11:10,25,37,24.52,,
-28753,17/04/2018 11:10,25,37,24.52,,
-28752,17/04/2018 11:10,25,37,24.52,,
-28751,17/04/2018 11:10,25,37,24.52,,
-28750,17/04/2018 11:10,25,37,24.52,,
-28749,17/04/2018 11:10,25,37,24.52,,
-28748,17/04/2018 11:10,25,37,24.52,,
-28747,17/04/2018 11:10,25,37,24.52,,
-28746,17/04/2018 11:10,25,37,24.52,,
-28745,17/04/2018 11:10,25,37,24.52,,
-28744,17/04/2018 11:10,25,37,24.52,,
-28743,17/04/2018 11:10,25,37,24.52,,
-28742,17/04/2018 11:10,25,37,24.52,,
-28741,17/04/2018 11:10,25,37,24.52,,
-28740,17/04/2018 11:10,25,37,24.52,,
-28739,17/04/2018 11:10,25,37,24.52,,
-28738,17/04/2018 11:10,25,37,24.52,,
-28737,17/04/2018 11:10,25,37,24.52,,
-28736,17/04/2018 11:10,25,37,24.52,,
-28735,17/04/2018 11:10,25,37,24.52,,
-28734,17/04/2018 11:10,25,37,24.52,,
-28733,17/04/2018 11:10,25,37,24.52,,
-28732,17/04/2018 11:11,25,37,24.52,,
-28731,17/04/2018 11:11,25,37,24.52,,
-28730,17/04/2018 11:11,25,37,24.52,,
-28729,17/04/2018 11:11,25,37,24.52,,
-28728,17/04/2018 11:11,25,37,24.52,,
-28727,17/04/2018 11:11,25,37,24.52,,
-28726,17/04/2018 11:11,25,37,24.52,,
-28725,17/04/2018 11:11,25,37,24.52,,
-28724,17/04/2018 11:11,25,37,24.52,,
-28723,17/04/2018 11:11,25,37,24.52,,
-28722,17/04/2018 11:11,25,37,24.52,,
-28721,17/04/2018 11:11,25,37,24.52,,
-28720,17/04/2018 11:11,25,37,24.52,,
-28719,17/04/2018 11:11,25,37,24.52,,
-28718,17/04/2018 11:11,25,37,24.52,,
-28717,17/04/2018 11:11,25,37,24.52,,
-28716,17/04/2018 11:11,25,37,24.52,,
-28715,17/04/2018 11:11,25,37,24.52,,
-28714,17/04/2018 11:11,25,37,24.52,,
-28713,17/04/2018 11:11,25,37,24.52,,
-28712,17/04/2018 11:11,25,37,24.52,,
-28711,17/04/2018 11:11,25,37,24.52,,
-28710,17/04/2018 11:11,25,37,24.52,,
-28709,17/04/2018 11:11,25,37,24.52,,
-28708,17/04/2018 11:11,25,37,24.52,,
-28707,17/04/2018 11:11,25,37,24.52,,
-28706,17/04/2018 11:11,25,37,24.52,,
-28705,17/04/2018 11:11,25,37,24.52,,
-28704,17/04/2018 11:11,25,37,24.52,,
-28703,17/04/2018 11:11,25,37,24.52,,
-28702,17/04/2018 11:12,25,37,24.52,,
-28701,17/04/2018 11:12,25,37,24.52,,
-28700,17/04/2018 11:12,25,37,24.52,,
-28699,17/04/2018 11:12,25,37,24.52,,
-28698,17/04/2018 11:12,25,37,24.52,,
-28697,17/04/2018 11:12,25,37,24.52,,
-28696,17/04/2018 11:12,25,37,24.52,,
-28695,17/04/2018 11:12,25,37,24.52,,
-28694,17/04/2018 11:12,25,37,24.52,,
-28693,17/04/2018 11:12,25,37,24.52,,
-28692,17/04/2018 11:12,25,37,24.52,,
-28691,17/04/2018 11:12,25,37,24.52,,
-28690,17/04/2018 11:12,25,37,24.52,,
-28689,17/04/2018 11:12,25,37,24.52,,
-28688,17/04/2018 11:12,25,37,24.52,,
-28687,17/04/2018 11:12,25,37,24.52,,
-28686,17/04/2018 11:12,25,37,24.52,,
-28685,17/04/2018 11:12,25,37,24.52,,
-28684,17/04/2018 11:12,25,37,24.52,,
-28683,17/04/2018 11:12,25,37,24.52,,
-28682,17/04/2018 11:12,25,37,24.52,,
-28681,17/04/2018 11:12,25,37,24.52,,
-28680,17/04/2018 11:12,25,37,24.52,,
-28679,17/04/2018 11:12,25,37,24.52,,
-28678,17/04/2018 11:12,25,37,24.52,,
-28677,17/04/2018 11:12,25,37,24.52,,
-28676,17/04/2018 11:12,25,37,24.52,,
-28675,17/04/2018 11:12,25,37,24.52,,
-28674,17/04/2018 11:12,25,37,24.52,,
-28673,17/04/2018 11:12,25,37,24.52,,
-28672,17/04/2018 11:13,25,37,24.52,,
-28671,17/04/2018 11:13,25,37,24.52,,
-28670,17/04/2018 11:13,25,37,24.52,,
-28669,17/04/2018 11:13,25,37,24.52,,
-28668,17/04/2018 11:13,25,37,24.52,,
-28667,17/04/2018 11:13,25,37,24.52,,
-28666,17/04/2018 11:13,25,37,24.52,,
-28665,17/04/2018 11:13,25,37,24.52,,
-28664,17/04/2018 11:13,25,37,24.52,,
-28663,17/04/2018 11:13,25,37,24.52,,
-28662,17/04/2018 11:13,25,37,24.52,,
-28661,17/04/2018 11:13,25,37,24.52,,
-28660,17/04/2018 11:13,25,37,24.52,,
-28659,17/04/2018 11:13,25,37,24.52,,
-28658,17/04/2018 11:13,25,37,24.52,,
-28657,17/04/2018 11:13,25,37,24.52,,
-28656,17/04/2018 11:13,25,37,24.52,,
-28655,17/04/2018 11:13,25,37,24.52,,
-28654,17/04/2018 11:13,25,37,24.52,,
-28653,17/04/2018 11:13,25,37,24.52,,
-28652,17/04/2018 11:13,25,37,24.52,,
-28651,17/04/2018 11:13,25,37,24.52,,
-28650,17/04/2018 11:13,25,37,24.52,,
-28649,17/04/2018 11:13,25,37,24.52,,
-28648,17/04/2018 11:13,25,37,24.52,,
-28647,17/04/2018 11:13,25,37,24.52,,
-28646,17/04/2018 11:13,25,37,24.52,,
-28645,17/04/2018 11:13,25,37,24.52,,
-28644,17/04/2018 11:13,25,37,24.52,,
-28643,17/04/2018 11:13,25,37,24.52,,
-28642,17/04/2018 11:14,25,37,24.52,,
-28641,17/04/2018 11:14,25,37,24.52,,
-28640,17/04/2018 11:14,25,37,24.52,,
-28639,17/04/2018 11:14,25,37,24.52,,
-28638,17/04/2018 11:14,25,37,24.52,,
-28637,17/04/2018 11:14,25,37,24.52,,
-28636,17/04/2018 11:14,25,37,24.52,,
-28635,17/04/2018 11:14,25,37,24.52,,
-28634,17/04/2018 11:14,25,37,24.52,,
-28633,17/04/2018 11:14,25,37,24.52,,
-28632,17/04/2018 11:14,25,37,24.52,,
-28631,17/04/2018 11:14,25,37,24.52,,
-28630,17/04/2018 11:14,25,37,24.52,,
-28629,17/04/2018 11:14,25,37,24.52,,
-28628,17/04/2018 11:14,25,37,24.52,,
-28627,17/04/2018 11:14,25,37,24.52,,
-28626,17/04/2018 11:14,25,37,24.52,,
-28625,17/04/2018 11:14,25,37,24.52,,
-28624,17/04/2018 11:14,25,37,24.52,,
-28623,17/04/2018 11:14,25,37,24.52,,
-28622,17/04/2018 11:14,25,37,24.52,,
-28621,17/04/2018 11:14,25,37,24.52,,
-28620,17/04/2018 11:14,25,37,24.52,,
-28619,17/04/2018 11:14,25,37,24.52,,
-28618,17/04/2018 11:14,25,37,24.52,,
-28617,17/04/2018 11:14,25,37,24.52,,
-28616,17/04/2018 11:14,25,37,24.52,,
-28615,17/04/2018 11:14,25,37,24.52,,
-28614,17/04/2018 11:14,25,37,24.52,,
-28613,17/04/2018 11:14,25,37,24.52,,
-28612,17/04/2018 11:14,25,37,24.52,,
-28611,17/04/2018 11:15,25,37,24.52,,
-28610,17/04/2018 11:15,25,37,24.52,,
-28609,17/04/2018 11:15,25,37,24.52,,
-28608,17/04/2018 11:15,25,37,24.52,,
-28607,17/04/2018 11:15,25,37,24.52,,
-28606,17/04/2018 11:15,25,37,24.52,,
-28605,17/04/2018 11:15,25,37,24.52,,
-28604,17/04/2018 11:15,25,37,24.52,,
-28603,17/04/2018 11:15,25,37,24.52,,
-28602,17/04/2018 11:15,25,37,24.52,,
-28601,17/04/2018 11:15,25,37,24.52,,
-28600,17/04/2018 11:15,25,37,24.52,,
-28599,17/04/2018 11:15,25,37,24.52,,
-28598,17/04/2018 11:15,25,37,24.52,,
-28597,17/04/2018 11:15,25,37,24.52,,
-28596,17/04/2018 11:15,25,37,24.52,,
-28595,17/04/2018 11:15,25,37,24.52,,
-28594,17/04/2018 11:15,25,37,24.52,,
-28593,17/04/2018 11:15,25,37,24.52,,
-28592,17/04/2018 11:15,25,37,24.52,,
-28591,17/04/2018 11:15,25,37,24.52,,
-28590,17/04/2018 11:15,25,37,24.52,,
-28589,17/04/2018 11:15,25,37,24.52,,
-28588,17/04/2018 11:15,25,37,24.52,,
-28587,17/04/2018 11:15,25,37,24.52,,
-28586,17/04/2018 11:15,25,37,24.52,,
-28585,17/04/2018 11:15,25,37,24.52,,
-28584,17/04/2018 11:15,25,37,24.52,,
-28583,17/04/2018 11:15,25,37,24.52,,
-28582,17/04/2018 11:15,25,37,24.52,,
-28581,17/04/2018 11:16,25,37,24.52,,
-28580,17/04/2018 11:16,25,37,24.52,,
-28579,17/04/2018 11:16,25,37,24.52,,
-28578,17/04/2018 11:16,25,37,24.52,,
-28577,17/04/2018 11:16,25,37,24.52,,
-28576,17/04/2018 11:16,25,37,24.52,,
-28575,17/04/2018 11:16,25,37,24.52,,
-28574,17/04/2018 11:16,25,37,24.52,,
-28573,17/04/2018 11:16,25,37,24.52,,
-28572,17/04/2018 11:16,25,37,24.52,,
-28571,17/04/2018 11:16,25,37,24.52,,
-28570,17/04/2018 11:16,25,37,24.52,,
-28569,17/04/2018 11:16,25,37,24.52,,
-28568,17/04/2018 11:16,25,37,24.52,,
-28567,17/04/2018 11:16,25,37,24.52,,
-28566,17/04/2018 11:16,25,37,24.52,,
-28565,17/04/2018 11:16,25,37,24.52,,
-28564,17/04/2018 11:16,25,37,24.52,,
-28563,17/04/2018 11:16,25,37,24.52,,
-28562,17/04/2018 11:16,25,37,24.52,,
-28561,17/04/2018 11:16,25,37,24.52,,
-28560,17/04/2018 11:16,25,37,24.52,,
-28559,17/04/2018 11:16,25,37,24.52,,
-28558,17/04/2018 11:16,25,37,24.52,,
-28557,17/04/2018 11:16,25,37,24.52,,
-28556,17/04/2018 11:16,25,37,24.52,,
-28555,17/04/2018 11:16,25,37,24.52,,
-28554,17/04/2018 11:16,25,37,24.52,,
-28553,17/04/2018 11:16,25,37,24.52,,
-28552,17/04/2018 11:16,25,37,24.52,,
-28551,17/04/2018 11:17,25,37,24.52,,
-28550,17/04/2018 11:17,25,37,24.52,,
-28549,17/04/2018 11:17,25,37,24.52,,
-28548,17/04/2018 11:17,25,37,24.52,,
-28547,17/04/2018 11:17,25,37,24.52,,
-28546,17/04/2018 11:17,25,37,24.52,,
-28545,17/04/2018 11:17,25,37,24.52,,
-28544,17/04/2018 11:17,25,37,24.52,,
-28543,17/04/2018 11:17,25,37,24.52,,
-28542,17/04/2018 11:17,25,37,24.52,,
-28541,17/04/2018 11:17,25,37,24.52,,
-28540,17/04/2018 11:17,25,37,24.52,,
-28539,17/04/2018 11:17,25,37,24.52,,
-28538,17/04/2018 11:17,25,37,24.52,,
-28537,17/04/2018 11:17,25,37,24.52,,
-28536,17/04/2018 11:17,25,37,24.52,,
-28535,17/04/2018 11:17,25,37,24.52,,
-28534,17/04/2018 11:17,25,37,24.52,,
-28533,17/04/2018 11:17,25,37,24.52,,
-28532,17/04/2018 11:17,25,37,24.52,,
-28531,17/04/2018 11:17,25,37,24.52,,
-28530,17/04/2018 11:17,25,37,24.52,,
-28529,17/04/2018 11:17,25,37,24.52,,
-28528,17/04/2018 11:17,25,37,24.52,,
-28527,17/04/2018 11:17,25,37,24.52,,
-28526,17/04/2018 11:17,25,37,24.52,,
-28525,17/04/2018 11:17,25,37,24.52,,
-28524,17/04/2018 11:17,25,37,24.52,,
-28523,17/04/2018 11:17,25,37,24.52,,
-28522,17/04/2018 11:17,25,37,24.52,,
-28521,17/04/2018 11:18,25,37,24.52,,
-28520,17/04/2018 11:18,25,37,24.52,,
-28519,17/04/2018 11:18,25,37,24.52,,
-28518,17/04/2018 11:18,25,37,24.52,,
-28517,17/04/2018 11:18,25,37,24.52,,
-28516,17/04/2018 11:18,25,37,24.52,,
-28515,17/04/2018 11:18,25,37,24.52,,
-28514,17/04/2018 11:18,25,37,24.52,,
-28513,17/04/2018 11:18,25,37,24.52,,
-28512,17/04/2018 11:18,25,37,24.52,,
-28511,17/04/2018 11:18,25,37,24.52,,
-28510,17/04/2018 11:18,25,37,24.52,,
-28509,17/04/2018 11:18,25,37,24.52,,
-28508,17/04/2018 11:18,25,37,24.52,,
-28507,17/04/2018 11:18,25,37,24.52,,
-28506,17/04/2018 11:18,25,37,24.52,,
-28505,17/04/2018 11:18,25,37,24.52,,
-28504,17/04/2018 11:18,25,37,24.52,,
-28503,17/04/2018 11:18,25,37,24.52,,
-28502,17/04/2018 11:18,25,37,24.52,,
-28501,17/04/2018 11:18,25,37,24.52,,
-28500,17/04/2018 11:18,25,37,24.52,,
-28499,17/04/2018 11:18,25,37,24.52,,
-28498,17/04/2018 11:18,25,37,24.52,,
-28497,17/04/2018 11:18,25,37,24.52,,
-28496,17/04/2018 11:18,25,37,24.52,,
-28495,17/04/2018 11:18,25,37,24.52,,
-28494,17/04/2018 11:18,25,37,24.52,,
-28493,17/04/2018 11:18,25,37,24.52,,
-28492,17/04/2018 11:18,25,37,24.52,,
-28491,17/04/2018 11:19,25,37,24.52,,
-28490,17/04/2018 11:19,25,37,24.52,,
-28489,17/04/2018 11:19,25,37,24.52,,
-28488,17/04/2018 11:19,25,37,24.52,,
-28487,17/04/2018 11:19,25,37,24.52,,
-28486,17/04/2018 11:19,25,37,24.52,,
-28485,17/04/2018 11:19,25,37,24.52,,
-28484,17/04/2018 11:19,25,37,24.52,,
-28483,17/04/2018 11:19,25,37,24.52,,
-28482,17/04/2018 11:19,25,37,24.52,,
-28481,17/04/2018 11:19,25,37,24.52,,
-28480,17/04/2018 11:19,25,37,24.52,,
-28479,17/04/2018 11:19,25,37,24.52,,
-28478,17/04/2018 11:19,25,37,24.52,,
-28477,17/04/2018 11:19,25,37,24.52,,
-28476,17/04/2018 11:19,25,37,24.52,,
-28475,17/04/2018 11:19,25,37,24.52,,
-28474,17/04/2018 11:19,25,37,24.52,,
-28473,17/04/2018 11:19,25,37,24.52,,
-28472,17/04/2018 11:19,25,37,24.52,,
-28471,17/04/2018 11:19,25,37,24.52,,
-28470,17/04/2018 11:19,25,37,24.52,,
-28469,17/04/2018 11:19,25,37,24.52,,
-28468,17/04/2018 11:19,25,37,24.52,,
-28467,17/04/2018 11:19,25,37,24.52,,
-28466,17/04/2018 11:19,25,37,24.52,,
-28465,17/04/2018 11:19,25,37,24.52,,
-28464,17/04/2018 11:19,25,37,24.52,,
-28463,17/04/2018 11:19,25,37,24.52,,
-28462,17/04/2018 11:19,25,37,24.52,,
-28461,17/04/2018 11:19,25,37,24.52,,
-28460,17/04/2018 11:20,25,37,24.52,,
-28459,17/04/2018 11:20,25,37,24.52,,
-28458,17/04/2018 11:20,25,37,24.52,,
-28457,17/04/2018 11:20,25,37,24.52,,
-28456,17/04/2018 11:20,25,37,24.52,,
-28455,17/04/2018 11:20,25,37,24.52,,
-28454,17/04/2018 11:20,25,37,24.52,,
-28453,17/04/2018 11:20,25,37,24.52,,
-28452,17/04/2018 11:20,25,37,24.52,,
-28451,17/04/2018 11:20,25,37,24.52,,
-28450,17/04/2018 11:20,25,37,24.52,,
-28449,17/04/2018 11:20,25,37,24.52,,
-28448,17/04/2018 11:20,25,37,24.52,,
-28447,17/04/2018 11:20,25,37,24.52,,
-28446,17/04/2018 11:20,25,37,24.52,,
-28445,17/04/2018 11:20,25,37,24.52,,
-28444,17/04/2018 11:20,25,37,24.52,,
-28443,17/04/2018 11:20,25,37,24.52,,
-28442,17/04/2018 11:20,25,37,24.52,,
-28441,17/04/2018 11:20,25,37,24.52,,
-28440,17/04/2018 11:20,25,37,24.52,,
-28439,17/04/2018 11:20,25,37,24.52,,
-28438,17/04/2018 11:20,25,37,24.52,,
-28437,17/04/2018 11:20,25,37,24.52,,
-28436,17/04/2018 11:20,25,37,24.52,,
-28435,17/04/2018 11:20,25,37,24.52,,
-28434,17/04/2018 11:20,25,37,24.52,,
-28433,17/04/2018 11:20,25,37,24.52,,
-28432,17/04/2018 11:20,25,37,24.52,,
-28431,17/04/2018 11:20,25,37,24.52,,
-28430,17/04/2018 11:21,25,37,24.52,,
-28429,17/04/2018 11:21,25,37,24.52,,
-28428,17/04/2018 11:21,25,37,24.52,,
-28427,17/04/2018 11:21,25,37,24.52,,
-28426,17/04/2018 11:21,25,37,24.52,,
-28425,17/04/2018 11:21,25,37,24.52,,
-28424,17/04/2018 11:21,25,37,24.52,,
-28423,17/04/2018 11:21,25,37,24.52,,
-28422,17/04/2018 11:21,25,37,24.52,,
-28421,17/04/2018 11:21,25,37,24.52,,
-28420,17/04/2018 11:21,25,37,24.52,,
-28419,17/04/2018 11:21,25,37,24.52,,
-28418,17/04/2018 11:21,25,37,24.52,,
-28417,17/04/2018 11:21,25,37,24.52,,
-28416,17/04/2018 11:21,25,37,24.52,,
-28415,17/04/2018 11:21,25,37,24.52,,
-28414,17/04/2018 11:21,25,37,24.52,,
-28413,17/04/2018 11:21,25,37,24.52,,
-28412,17/04/2018 11:21,25,37,24.52,,
-28411,17/04/2018 11:21,25,37,24.52,,
-28410,17/04/2018 11:21,25,37,24.52,,
-28409,17/04/2018 11:21,25,37,24.52,,
-28408,17/04/2018 11:21,25,37,24.52,,
-28407,17/04/2018 11:21,25,37,24.52,,
-28406,17/04/2018 11:21,25,37,24.52,,
-28405,17/04/2018 11:21,25,37,24.52,,
-28404,17/04/2018 11:21,25,37,24.52,,
-28403,17/04/2018 11:21,25,37,24.52,,
-28402,17/04/2018 11:21,25,37,24.52,,
-28401,17/04/2018 11:21,25,37,24.52,,
-28400,17/04/2018 11:22,25,37,24.52,,
-28399,17/04/2018 11:22,25,37,24.52,,
-28398,17/04/2018 11:22,25,37,24.52,,
-28397,17/04/2018 11:22,25,37,24.52,,
-28396,17/04/2018 11:22,25,37,24.52,,
-28395,17/04/2018 11:22,25,37,24.52,,
-28394,17/04/2018 11:22,25,37,24.52,,
-28393,17/04/2018 11:22,25,37,24.52,,
-28392,17/04/2018 11:22,25,37,24.52,,
-28391,17/04/2018 11:22,25,37,24.52,,
-28390,17/04/2018 11:22,25,37,24.52,,
-28389,17/04/2018 11:22,25,37,24.52,,
-28388,17/04/2018 11:22,25,37,24.52,,
-28387,17/04/2018 11:22,25,37,24.52,,
-28386,17/04/2018 11:22,25,37,24.52,,
-28385,17/04/2018 11:22,25,37,24.52,,
-28384,17/04/2018 11:22,25,37,24.52,,
-28383,17/04/2018 11:22,25,37,24.52,,
-28382,17/04/2018 11:22,25,37,24.52,,
-28381,17/04/2018 11:22,25,37,24.52,,
-28380,17/04/2018 11:22,25,37,24.52,,
-28379,17/04/2018 11:22,25,37,24.52,,
-28378,17/04/2018 11:22,25,37,24.52,,
-28377,17/04/2018 11:22,25,37,24.52,,
-28376,17/04/2018 11:22,25,37,24.52,,
-28375,17/04/2018 11:22,25,37,24.52,,
-28374,17/04/2018 11:22,25,37,24.52,,
-28373,17/04/2018 11:22,25,37,24.52,,
-28372,17/04/2018 11:22,25,37,24.52,,
-28371,17/04/2018 11:22,25,37,24.52,,
-28370,17/04/2018 11:23,25,37,24.52,,
-28369,17/04/2018 11:23,25,37,24.52,,
-28368,17/04/2018 11:23,25,37,24.52,,
-28367,17/04/2018 11:23,25,37,24.52,,
-28366,17/04/2018 11:23,25,37,24.52,,
-28365,17/04/2018 11:23,25,37,24.52,,
-28364,17/04/2018 11:23,25,37,24.52,,
-28363,17/04/2018 11:23,25,37,24.52,,
-28362,17/04/2018 11:23,25,37,24.52,,
-28361,17/04/2018 11:23,25,37,24.52,,
-28360,17/04/2018 11:23,25,37,24.52,,
-28359,17/04/2018 11:23,25,37,24.52,,
-28358,17/04/2018 11:23,25,37,24.52,,
-28357,17/04/2018 11:23,25,37,24.52,,
-28356,17/04/2018 11:23,25,37,24.52,,
-28355,17/04/2018 11:23,25,37,24.52,,
-28354,17/04/2018 11:23,25,37,24.52,,
-28353,17/04/2018 11:23,25,37,24.52,,
-28352,17/04/2018 11:23,25,37,24.52,,
-28351,17/04/2018 11:23,25,37,24.52,,
-28350,17/04/2018 11:23,25,37,24.52,,
-28349,17/04/2018 11:23,25,37,24.52,,
-28348,17/04/2018 11:23,25,37,24.52,,
-28347,17/04/2018 11:23,25,37,24.52,,
-28346,17/04/2018 11:23,25,37,24.52,,
-28345,17/04/2018 11:23,25,37,24.52,,
-28344,17/04/2018 11:23,25,37,24.52,,
-28343,17/04/2018 11:23,25,37,24.52,,
-28342,17/04/2018 11:23,25,37,24.52,,
-28341,17/04/2018 11:23,25,37,24.52,,
-28340,17/04/2018 11:24,25,37,24.52,,
-28339,17/04/2018 11:24,25,37,24.52,,
-28338,17/04/2018 11:24,25,37,24.52,,
-28337,17/04/2018 11:24,25,37,24.52,,
-28336,17/04/2018 11:24,25,37,24.52,,
-28335,17/04/2018 11:24,25,37,24.52,,
-28334,17/04/2018 11:24,25,37,24.52,,
-28333,17/04/2018 11:24,25,37,24.52,,
-28332,17/04/2018 11:24,25,37,24.52,,
-28331,17/04/2018 11:24,25,37,24.52,,
-28330,17/04/2018 11:24,25,37,24.52,,
-28329,17/04/2018 11:24,25,37,24.52,,
-28328,17/04/2018 11:24,25,37,24.52,,
-28327,17/04/2018 11:24,25,37,24.52,,
-28326,17/04/2018 11:24,25,37,24.52,,
-28325,17/04/2018 11:24,25,37,24.52,,
-28324,17/04/2018 11:24,25,37,24.52,,
-28323,17/04/2018 11:24,25,37,24.52,,
-28322,17/04/2018 11:24,25,37,24.52,,
-28321,17/04/2018 11:24,25,37,24.52,,
-28320,17/04/2018 11:24,25,37,24.52,,
-28319,17/04/2018 11:24,25,37,24.52,,
-28318,17/04/2018 11:24,25,37,24.52,,
-28317,17/04/2018 11:24,25,37,24.52,,
-28316,17/04/2018 11:24,25,37,24.52,,
-28315,17/04/2018 11:24,25,37,24.52,,
-28314,17/04/2018 11:24,25,37,24.52,,
-28313,17/04/2018 11:24,25,37,24.52,,
-28312,17/04/2018 11:24,25,37,24.52,,
-28311,17/04/2018 11:24,25,37,24.52,,
-28310,17/04/2018 11:25,25,37,24.52,,
-28309,17/04/2018 11:25,25,37,24.52,,
-28308,17/04/2018 11:25,25,37,24.52,,
-28307,17/04/2018 11:25,25,37,24.52,,
-28306,17/04/2018 11:25,25,37,24.52,,
-28305,17/04/2018 11:25,25,37,24.52,,
-28304,17/04/2018 11:25,25,37,24.52,,
-28303,17/04/2018 11:25,25,37,24.52,,
-28302,17/04/2018 11:25,25,37,24.52,,
-28301,17/04/2018 11:25,25,37,24.52,,
-28300,17/04/2018 11:25,25,37,24.52,,
-28299,17/04/2018 11:25,25,37,24.52,,
-28298,17/04/2018 11:25,25,37,24.52,,
-28297,17/04/2018 11:25,25,37,24.52,,
-28296,17/04/2018 11:25,25,37,24.52,,
-28295,17/04/2018 11:25,25,37,24.52,,
-28294,17/04/2018 11:25,25,37,24.52,,
-28293,17/04/2018 11:25,25,37,24.52,,
-28292,17/04/2018 11:25,25,37,24.52,,
-28291,17/04/2018 11:25,25,37,24.52,,
-28290,17/04/2018 11:25,25,37,24.52,,
-28289,17/04/2018 11:25,25,37,24.52,,
-28288,17/04/2018 11:25,25,37,24.52,,
-28287,17/04/2018 11:25,25,37,24.52,,
-28286,17/04/2018 11:25,25,37,24.52,,
-28285,17/04/2018 11:25,25,37,24.52,,
-28284,17/04/2018 11:25,25,37,24.52,,
-28283,17/04/2018 11:25,25,37,24.52,,
-28282,17/04/2018 11:25,25,37,24.52,,
-28281,17/04/2018 11:25,25,37,24.52,,
-28280,17/04/2018 11:25,25,37,24.52,,
-28279,17/04/2018 11:26,25,37,24.52,,
-28278,17/04/2018 11:26,25,37,24.52,,
-28277,17/04/2018 11:26,25,37,24.52,,
-28276,17/04/2018 11:26,25,37,24.52,,
-28275,17/04/2018 11:26,25,37,24.52,,
-28274,17/04/2018 11:26,25,37,24.52,,
-28273,17/04/2018 11:26,25,37,24.52,,
-28272,17/04/2018 11:26,25,37,24.52,,
-28271,17/04/2018 11:26,25,37,24.52,,
-28270,17/04/2018 11:26,25,37,24.52,,
-28269,17/04/2018 11:26,25,37,24.52,,
-28268,17/04/2018 11:26,25,37,24.52,,
-28267,17/04/2018 11:26,25,37,24.52,,
-28266,17/04/2018 11:26,25,37,24.52,,
-28265,17/04/2018 11:26,25,37,24.52,,
-28264,17/04/2018 11:26,25,37,24.52,,
-28263,17/04/2018 11:26,25,37,24.52,,
-28262,17/04/2018 11:26,25,37,24.52,,
-28261,17/04/2018 11:26,25,37,24.52,,
-28260,17/04/2018 11:26,25,37,24.52,,
-28259,17/04/2018 11:26,25,37,24.52,,
-28258,17/04/2018 11:26,25,37,24.52,,
-28257,17/04/2018 11:26,25,37,24.52,,
-28256,17/04/2018 11:26,25,37,24.52,,
-28255,17/04/2018 11:26,25,37,24.52,,
-28254,17/04/2018 11:26,25,37,24.52,,
-28253,17/04/2018 11:26,25,37,24.52,,
-28252,17/04/2018 11:26,25,37,24.52,,
-28251,17/04/2018 11:26,25,37,24.52,,
-28250,17/04/2018 11:26,25,37,24.52,,
-28249,17/04/2018 11:27,25,37,24.52,,
-28248,17/04/2018 11:27,25,37,24.52,,
-28247,17/04/2018 11:27,25,37,24.52,,
-28246,17/04/2018 11:27,25,37,24.52,,
-28245,17/04/2018 11:27,25,37,24.52,,
-28244,17/04/2018 11:27,25,37,24.52,,
-28243,17/04/2018 11:27,25,37,24.52,,
-28242,17/04/2018 11:27,25,37,24.52,,
-28241,17/04/2018 11:27,25,37,24.52,,
-28240,17/04/2018 11:27,25,37,24.52,,
-28239,17/04/2018 11:27,25,37,24.52,,
-28238,17/04/2018 11:27,25,37,24.52,,
-28237,17/04/2018 11:27,25,37,24.52,,
-28236,17/04/2018 11:27,25,37,24.52,,
-28235,17/04/2018 11:27,25,37,24.52,,
-28234,17/04/2018 11:27,25,37,24.52,,
-28233,17/04/2018 11:27,25,37,24.52,,
-28232,17/04/2018 11:27,25,37,24.52,,
-28231,17/04/2018 11:27,25,37,24.52,,
-28230,17/04/2018 11:27,25,37,24.52,,
-28229,17/04/2018 11:27,25,37,24.52,,
-28228,17/04/2018 11:27,25,37,24.52,,
-28227,17/04/2018 11:27,25,37,24.52,,
-28226,17/04/2018 11:27,25,37,24.52,,
-28225,17/04/2018 11:27,25,37,24.52,,
-28224,17/04/2018 11:27,25,37,24.52,,
-28223,17/04/2018 11:27,25,37,24.52,,
-28222,17/04/2018 11:27,25,37,24.52,,
-28221,17/04/2018 11:27,25,37,24.52,,
-28220,17/04/2018 11:27,25,37,24.52,,
-28219,17/04/2018 11:28,25,37,24.52,,
-28218,17/04/2018 11:28,25,37,24.52,,
-28217,17/04/2018 11:28,25,37,24.52,,
-28216,17/04/2018 11:28,25,37,24.52,,
-28215,17/04/2018 11:28,25,37,24.52,,
-28214,17/04/2018 11:28,25,37,24.52,,
-28213,17/04/2018 11:28,25,37,24.52,,
-28212,17/04/2018 11:28,25,37,24.52,,
-28211,17/04/2018 11:28,25,37,24.52,,
-28210,17/04/2018 11:28,25,37,24.52,,
-28209,17/04/2018 11:28,25,37,24.52,,
-28208,17/04/2018 11:28,25,37,24.52,,
-28207,17/04/2018 11:28,25,37,24.52,,
-28206,17/04/2018 11:28,25,37,24.52,,
-28205,17/04/2018 11:28,25,37,24.52,,
-28204,17/04/2018 11:28,25,37,24.52,,
-28203,17/04/2018 11:28,25,37,24.52,,
-28202,17/04/2018 11:28,25,37,24.52,,
-28201,17/04/2018 11:28,25,37,24.52,,
-28200,17/04/2018 11:28,25,37,24.52,,
-28199,17/04/2018 11:28,25,37,24.52,,
-28198,17/04/2018 11:28,25,37,24.52,,
-28197,17/04/2018 11:28,25,37,24.52,,
-28196,17/04/2018 11:28,25,37,24.52,,
-28195,17/04/2018 11:28,25,37,24.52,,
-28194,17/04/2018 11:28,25,37,24.52,,
-28193,17/04/2018 11:28,25,37,24.52,,
-28192,17/04/2018 11:28,25,37,24.52,,
-28191,17/04/2018 11:28,25,37,24.52,,
-28190,17/04/2018 11:28,25,37,24.52,,
-28189,17/04/2018 11:29,25,37,24.52,,
-28188,17/04/2018 11:29,25,37,24.52,,
-28187,17/04/2018 11:29,25,37,24.52,,
-28186,17/04/2018 11:29,25,37,24.52,,
-28185,17/04/2018 11:29,25,37,24.52,,
-28184,17/04/2018 11:29,25,37,24.52,,
-28183,17/04/2018 11:29,25,37,24.52,,
-28182,17/04/2018 11:29,25,37,24.52,,
-28181,17/04/2018 11:29,25,37,24.52,,
-28180,17/04/2018 11:29,25,37,24.52,,
-28179,17/04/2018 11:29,25,37,24.52,,
-28178,17/04/2018 11:29,25,37,24.52,,
-28177,17/04/2018 11:29,25,37,24.52,,
-28176,17/04/2018 11:29,25,37,24.52,,
-28175,17/04/2018 11:29,25,37,24.52,,
-28174,17/04/2018 11:29,25,37,24.52,,
-28173,17/04/2018 11:29,25,37,24.52,,
-28172,17/04/2018 11:29,25,37,24.52,,
-28171,17/04/2018 11:29,25,37,24.52,,
-28170,17/04/2018 11:29,25,37,24.52,,
-28169,17/04/2018 11:29,25,37,24.52,,
-28168,17/04/2018 11:29,25,37,24.52,,
-28167,17/04/2018 11:29,25,37,24.52,,
-28166,17/04/2018 11:29,25,37,24.52,,
-28165,17/04/2018 11:29,25,37,24.52,,
-28164,17/04/2018 11:29,25,37,24.52,,
-28163,17/04/2018 11:29,25,37,24.52,,
-28162,17/04/2018 11:29,25,37,24.52,,
-28161,17/04/2018 11:29,25,37,24.52,,
-28160,17/04/2018 11:29,25,37,24.52,,
-28159,17/04/2018 11:29,25,37,24.52,,
-28158,17/04/2018 11:30,25,37,24.52,,
-28157,17/04/2018 11:30,25,37,24.52,,
-28156,17/04/2018 11:30,25,37,24.52,,
-28155,17/04/2018 11:30,25,37,24.52,,
-28154,17/04/2018 11:30,25,37,24.52,,
-28153,17/04/2018 11:30,25,37,24.52,,
-28152,17/04/2018 11:30,25,37,24.52,,
-28151,17/04/2018 11:30,25,37,24.52,,
-28150,17/04/2018 11:30,25,37,24.52,,
-28149,17/04/2018 11:30,25,37,24.52,,
-28148,17/04/2018 11:30,25,37,24.52,,
-28147,17/04/2018 11:30,25,37,24.52,,
-28146,17/04/2018 11:30,25,37,24.52,,
-28145,17/04/2018 11:30,25,37,24.52,,
-28144,17/04/2018 11:30,25,37,24.52,,
-28143,17/04/2018 11:30,25,37,24.52,,
-28142,17/04/2018 11:30,25,37,24.52,,
-28141,17/04/2018 11:30,25,37,24.52,,
-28140,17/04/2018 11:30,25,37,24.52,,
-28139,17/04/2018 11:30,25,37,24.52,,
-28138,17/04/2018 11:30,25,37,24.52,,
-28137,17/04/2018 11:30,25,37,24.52,,
-28136,17/04/2018 11:30,25,37,24.52,,
-28135,17/04/2018 11:30,25,37,24.52,,
-28134,17/04/2018 11:30,25,37,24.52,,
-28133,17/04/2018 11:30,25,37,24.52,,
-28132,17/04/2018 11:30,25,37,24.52,,
-28131,17/04/2018 11:30,25,37,24.52,,
-28130,17/04/2018 11:30,25,37,24.52,,
-28129,17/04/2018 11:30,25,37,24.52,,
-28128,17/04/2018 11:31,25,37,24.52,,
-28127,17/04/2018 11:31,25,37,24.52,,
-28126,17/04/2018 11:31,25,37,24.52,,
-28125,17/04/2018 11:31,25,37,24.52,,
-28124,17/04/2018 11:31,25,37,24.52,,
-28123,17/04/2018 11:31,25,37,24.52,,
-28122,17/04/2018 11:31,25,37,24.52,,
-28121,17/04/2018 11:31,25,37,24.52,,
-28120,17/04/2018 11:31,25,37,24.52,,
-28119,17/04/2018 11:31,25,37,24.52,,
-28118,17/04/2018 11:31,25,37,24.52,,
-28117,17/04/2018 11:31,25,37,24.52,,
-28116,17/04/2018 11:31,25,37,24.52,,
-28115,17/04/2018 11:31,25,37,24.52,,
-28114,17/04/2018 11:31,25,37,24.52,,
-28113,17/04/2018 11:31,25,37,24.52,,
-28112,17/04/2018 11:31,25,37,24.52,,
-28111,17/04/2018 11:31,25,37,24.52,,
-28110,17/04/2018 11:31,25,37,24.52,,
-28109,17/04/2018 11:31,25,37,24.52,,
-28108,17/04/2018 11:31,25,37,24.52,,
-28107,17/04/2018 11:31,25,37,24.52,,
-28106,17/04/2018 11:31,25,37,24.52,,
-28105,17/04/2018 11:31,25,37,24.52,,
-28104,17/04/2018 11:31,25,37,24.52,,
-28103,17/04/2018 11:31,25,37,24.52,,
-28102,17/04/2018 11:31,25,37,24.52,,
-28101,17/04/2018 11:31,25,37,24.52,,
-28100,17/04/2018 11:31,25,37,24.52,,
-28099,17/04/2018 11:31,25,37,24.52,,
-28098,17/04/2018 11:32,25,37,24.52,,
-28097,17/04/2018 11:32,25,37,24.52,,
-28096,17/04/2018 11:32,25,37,24.52,,
-28095,17/04/2018 11:32,25,37,24.52,,
-28094,17/04/2018 11:32,25,37,24.52,,
-28093,17/04/2018 11:32,25,37,24.52,,
-28092,17/04/2018 11:32,25,37,24.52,,
-28091,17/04/2018 11:32,25,37,24.52,,
-28090,17/04/2018 11:32,25,37,24.52,,
-28089,17/04/2018 11:32,25,37,24.52,,
-28088,17/04/2018 11:32,25,37,24.52,,
-28087,17/04/2018 11:32,25,37,24.52,,
-28086,17/04/2018 11:32,25,37,24.52,,
-28085,17/04/2018 11:32,25,37,24.52,,
-28084,17/04/2018 11:32,25,37,24.52,,
-28083,17/04/2018 11:32,25,37,24.52,,
-28082,17/04/2018 11:32,25,37,24.52,,
-28081,17/04/2018 11:32,25,37,24.52,,
-28080,17/04/2018 11:32,25,37,24.52,,
-28079,17/04/2018 11:32,25,37,24.52,,
-28078,17/04/2018 11:32,25,37,24.52,,
-28077,17/04/2018 11:32,25,37,24.52,,
-28076,17/04/2018 11:32,25,37,24.52,,
-28075,17/04/2018 11:32,25,37,24.52,,
-28074,17/04/2018 11:32,25,37,24.52,,
-28073,17/04/2018 11:32,25,37,24.52,,
-28072,17/04/2018 11:32,25,37,24.52,,
-28071,17/04/2018 11:32,25,37,24.52,,
-28070,17/04/2018 11:32,25,37,24.52,,
-28069,17/04/2018 11:32,25,37,24.52,,
-28068,17/04/2018 11:33,25,37,24.52,,
-28067,17/04/2018 11:33,25,37,24.52,,
-28066,17/04/2018 11:33,25,37,24.52,,
-28065,17/04/2018 11:33,25,37,24.52,,
-28064,17/04/2018 11:33,25,37,24.52,,
-28063,17/04/2018 11:33,25,37,24.52,,
-28062,17/04/2018 11:33,25,37,24.52,,
-28061,17/04/2018 11:33,25,37,24.52,,
-28060,17/04/2018 11:33,25,37,24.52,,
-28059,17/04/2018 11:33,25,37,24.52,,
-28058,17/04/2018 11:33,25,37,24.52,,
-28057,17/04/2018 11:33,25,37,24.52,,
-28056,17/04/2018 11:33,25,37,24.52,,
-28055,17/04/2018 11:33,25,37,24.52,,
-28054,17/04/2018 11:33,25,37,24.52,,
-28053,17/04/2018 11:33,25,37,24.52,,
-28052,17/04/2018 11:33,25,37,24.52,,
-28051,17/04/2018 11:33,25,37,24.52,,
-28050,17/04/2018 11:33,25,37,24.52,,
-28049,17/04/2018 11:33,25,37,24.52,,
-28048,17/04/2018 11:33,25,37,24.52,,
-28047,17/04/2018 11:33,25,37,24.52,,
-28046,17/04/2018 11:33,25,37,24.52,,
-28045,17/04/2018 11:33,25,37,24.52,,
-28044,17/04/2018 11:33,25,37,24.52,,
-28043,17/04/2018 11:33,25,37,24.52,,
-28042,17/04/2018 11:33,25,37,24.52,,
-28041,17/04/2018 11:33,25,37,24.52,,
-28040,17/04/2018 11:33,25,37,24.52,,
-28039,17/04/2018 11:33,25,37,24.52,,
-28038,17/04/2018 11:34,25,37,24.52,,
-28037,17/04/2018 11:34,25,37,24.52,,
-28036,17/04/2018 11:34,25,37,24.52,,
-28035,17/04/2018 11:34,25,37,24.52,,
-28034,17/04/2018 11:34,25,37,24.52,,
-28033,17/04/2018 11:34,25,37,24.52,,
-28032,17/04/2018 11:34,25,37,24.52,,
-28031,17/04/2018 11:34,25,37,24.52,,
-28030,17/04/2018 11:34,25,37,24.52,,
-28029,17/04/2018 11:34,25,37,24.52,,
-28028,17/04/2018 11:34,25,37,24.52,,
-28027,17/04/2018 11:34,25,37,24.52,,
-28026,17/04/2018 11:34,25,37,24.52,,
-28025,17/04/2018 11:34,25,37,24.52,,
-28024,17/04/2018 11:34,25,37,24.52,,
-28023,17/04/2018 11:34,25,37,24.52,,
-28022,17/04/2018 11:34,25,37,24.52,,
-28021,17/04/2018 11:34,25,37,24.52,,
-28020,17/04/2018 11:34,25,37,24.52,,
-28019,17/04/2018 11:34,25,37,24.52,,
-28018,17/04/2018 11:34,25,37,24.52,,
-28017,17/04/2018 11:34,25,37,24.52,,
-28016,17/04/2018 11:34,25,37,24.52,,
-28015,17/04/2018 11:34,25,37,24.52,,
-28014,17/04/2018 11:34,25,37,24.52,,
-28013,17/04/2018 11:34,25,37,24.52,,
-28012,17/04/2018 11:34,25,37,24.52,,
-28011,17/04/2018 11:34,25,37,24.52,,
-28010,17/04/2018 11:34,25,37,24.52,,
-28009,17/04/2018 11:34,25,37,24.52,,
-28008,17/04/2018 11:34,25,37,24.52,,
-28007,17/04/2018 11:35,25,37,24.52,,
-28006,17/04/2018 11:35,25,37,24.52,,
-28005,17/04/2018 11:35,25,37,24.52,,
-28004,17/04/2018 11:35,25,37,24.52,,
-28003,17/04/2018 11:35,25,37,24.52,,
-28002,17/04/2018 11:35,25,37,24.52,,
-28001,17/04/2018 11:35,25,37,24.52,,
-28000,17/04/2018 11:35,25,37,24.52,,
-27999,17/04/2018 11:35,25,37,24.52,,
-27998,17/04/2018 11:35,25,37,24.52,,
-27997,17/04/2018 11:35,25,37,24.52,,
-27996,17/04/2018 11:35,25,37,24.52,,
-27995,17/04/2018 11:35,25,37,24.52,,
-27994,17/04/2018 11:35,25,37,24.52,,
-27993,17/04/2018 11:35,25,37,24.52,,
-27992,17/04/2018 11:35,25,37,24.52,,
-27991,17/04/2018 11:35,25,37,24.52,,
-27990,17/04/2018 11:35,25,37,24.52,,
-27989,17/04/2018 11:35,25,37,24.52,,
-27988,17/04/2018 11:35,25,37,24.52,,
-27987,17/04/2018 11:35,25,37,24.52,,
-27986,17/04/2018 11:35,25,37,24.52,,
-27985,17/04/2018 11:35,25,37,24.52,,
-27984,17/04/2018 11:35,25,37,24.52,,
-27983,17/04/2018 11:35,25,37,24.52,,
-27982,17/04/2018 11:35,25,37,24.52,,
-27981,17/04/2018 11:35,25,37,24.52,,
-27980,17/04/2018 11:35,25,37,24.52,,
-27979,17/04/2018 11:35,25,37,24.52,,
-27978,17/04/2018 11:35,25,37,24.52,,
-27977,17/04/2018 11:36,25,37,24.52,,
-27976,17/04/2018 11:36,25,37,24.52,,
-27975,17/04/2018 11:36,25,37,24.52,,
-27974,17/04/2018 11:36,25,37,24.52,,
-27973,17/04/2018 11:36,25,37,24.52,,
-27972,17/04/2018 11:36,25,37,24.52,,
-27971,17/04/2018 11:36,25,37,24.52,,
-27970,17/04/2018 11:36,25,37,24.52,,
-27969,17/04/2018 11:36,25,37,24.52,,
-27968,17/04/2018 11:36,25,37,24.52,,
-27967,17/04/2018 11:36,25,37,24.52,,
-27966,17/04/2018 11:36,25,37,24.52,,
-27965,17/04/2018 11:36,25,37,24.52,,
-27964,17/04/2018 11:36,25,37,24.52,,
-27963,17/04/2018 11:36,25,37,24.52,,
-27962,17/04/2018 11:36,25,37,24.52,,
-27961,17/04/2018 11:36,25,37,24.52,,
-27960,17/04/2018 11:36,25,37,24.52,,
-27959,17/04/2018 11:36,25,37,24.52,,
-27958,17/04/2018 11:36,25,37,24.52,,
-27957,17/04/2018 11:36,25,37,24.52,,
-27956,17/04/2018 11:36,25,37,24.52,,
-27955,17/04/2018 11:36,25,37,24.52,,
-27954,17/04/2018 11:36,25,37,24.52,,
-27953,17/04/2018 11:36,25,37,24.52,,
-27952,17/04/2018 11:36,25,37,24.52,,
-27951,17/04/2018 11:36,25,37,24.52,,
-27950,17/04/2018 11:36,25,37,24.52,,
-27949,17/04/2018 11:36,25,37,24.52,,
-27948,17/04/2018 11:36,25,37,24.52,,
-27947,17/04/2018 11:37,25,37,24.52,,
-27946,17/04/2018 11:37,25,37,24.52,,
-27945,17/04/2018 11:37,25,37,24.52,,
-27944,17/04/2018 11:37,25,37,24.52,,
-27943,17/04/2018 11:37,25,37,24.52,,
-27942,17/04/2018 11:37,25,37,24.52,,
-27941,17/04/2018 11:37,25,37,24.52,,
-27940,17/04/2018 11:37,25,37,24.52,,
-27939,17/04/2018 11:37,25,37,24.52,,
-27938,17/04/2018 11:37,25,37,24.52,,
-27937,17/04/2018 11:37,25,37,24.52,,
-27936,17/04/2018 11:37,25,37,24.52,,
-27935,17/04/2018 11:37,25,37,24.52,,
-27934,17/04/2018 11:37,25,37,24.52,,
-27933,17/04/2018 11:37,25,37,24.52,,
-27932,17/04/2018 11:37,25,37,24.52,,
-27931,17/04/2018 11:37,25,37,24.52,,
-27930,17/04/2018 11:37,25,37,24.52,,
-27929,17/04/2018 11:37,25,37,24.52,,
-27928,17/04/2018 11:37,25,37,24.52,,
-27927,17/04/2018 11:37,25,37,24.52,,
-27926,17/04/2018 11:37,25,37,24.52,,
-27925,17/04/2018 11:37,25,37,24.52,,
-27924,17/04/2018 11:37,25,37,24.52,,
-27923,17/04/2018 11:37,25,37,24.52,,
-27922,17/04/2018 11:37,25,37,24.52,,
-27921,17/04/2018 11:37,25,37,24.52,,
-27920,17/04/2018 11:37,25,37,24.52,,
-27919,17/04/2018 11:37,25,37,24.52,,
-27918,17/04/2018 11:37,25,37,24.52,,
-27917,17/04/2018 11:38,25,37,24.52,,
-27916,17/04/2018 11:38,25,37,24.52,,
-27915,17/04/2018 11:38,25,37,24.52,,
-27914,17/04/2018 11:38,25,37,24.52,,
-27913,17/04/2018 11:38,25,37,24.52,,
-27912,17/04/2018 11:38,25,37,24.52,,
-27911,17/04/2018 11:38,25,37,24.52,,
-27910,17/04/2018 11:38,25,37,24.52,,
-27909,17/04/2018 11:38,25,37,24.52,,
-27908,17/04/2018 11:38,25,37,24.52,,
-27907,17/04/2018 11:38,25,37,24.52,,
-27906,17/04/2018 11:38,25,37,24.52,,
-27905,17/04/2018 11:38,25,37,24.52,,
-27904,17/04/2018 11:38,25,37,24.52,,
-27903,17/04/2018 11:38,25,37,24.52,,
-27902,17/04/2018 11:38,25,37,24.52,,
-27901,17/04/2018 11:38,25,37,24.52,,
-27900,17/04/2018 11:38,25,37,24.52,,
-27899,17/04/2018 11:38,25,37,24.52,,
-27898,17/04/2018 11:38,25,37,24.52,,
-27897,17/04/2018 11:38,25,37,24.52,,
-27896,17/04/2018 11:38,25,37,24.52,,
-27895,17/04/2018 11:38,25,37,24.52,,
-27894,17/04/2018 11:38,25,37,24.52,,
-27893,17/04/2018 11:38,25,37,24.52,,
-27892,17/04/2018 11:38,25,37,24.52,,
-27891,17/04/2018 11:38,25,37,24.52,,
-27890,17/04/2018 11:38,25,37,24.52,,
-27889,17/04/2018 11:38,25,37,24.52,,
-27888,17/04/2018 11:38,25,37,24.52,,
-27887,17/04/2018 11:38,25,37,24.52,,
-27886,17/04/2018 11:39,25,37,24.52,,
-27885,17/04/2018 11:39,25,37,24.52,,
-27884,17/04/2018 11:39,25,37,24.52,,
-27883,17/04/2018 11:39,25,37,24.52,,
-27882,17/04/2018 11:39,25,37,24.52,,
-27881,17/04/2018 11:39,25,37,24.52,,
-27880,17/04/2018 11:39,25,37,24.52,,
-27879,17/04/2018 11:39,25,37,24.52,,
-27878,17/04/2018 11:39,25,37,24.52,,
-27877,17/04/2018 11:39,25,37,24.52,,
-27876,17/04/2018 11:39,25,37,24.52,,
-27875,17/04/2018 11:39,25,37,24.52,,
-27874,17/04/2018 11:39,25,37,24.52,,
-27873,17/04/2018 11:39,25,37,24.52,,
-27872,17/04/2018 11:39,25,37,24.52,,
-27871,17/04/2018 11:39,25,37,24.52,,
-27870,17/04/2018 11:39,25,37,24.52,,
-27869,17/04/2018 11:39,25,37,24.52,,
-27868,17/04/2018 11:39,25,37,24.52,,
-27867,17/04/2018 11:39,25,37,24.52,,
-27866,17/04/2018 11:39,25,37,24.52,,
-27865,17/04/2018 11:39,25,37,24.52,,
-27864,17/04/2018 11:39,25,37,24.52,,
-27863,17/04/2018 11:39,25,37,24.52,,
-27862,17/04/2018 11:39,25,37,24.52,,
-27861,17/04/2018 11:39,25,37,24.52,,
-27860,17/04/2018 11:39,25,37,24.52,,
-27859,17/04/2018 11:39,25,37,24.52,,
-27858,17/04/2018 11:39,25,37,24.52,,
-27857,17/04/2018 11:39,25,37,24.52,,
-27856,17/04/2018 11:40,25,37,24.52,,
-27855,17/04/2018 11:40,25,37,24.52,,
-27854,17/04/2018 11:40,25,37,24.52,,
-27853,17/04/2018 11:40,25,37,24.52,,
-27852,17/04/2018 11:40,25,37,24.52,,
-27851,17/04/2018 11:40,25,37,24.52,,
-27850,17/04/2018 11:40,25,37,24.52,,
-27849,17/04/2018 11:40,25,37,24.52,,
-27848,17/04/2018 11:40,25,37,24.52,,
-27847,17/04/2018 11:40,25,37,24.52,,
-27846,17/04/2018 11:40,25,37,24.52,,
-27845,17/04/2018 11:40,25,37,24.52,,
-27844,17/04/2018 11:40,25,37,24.52,,
-27843,17/04/2018 11:40,25,37,24.52,,
-27842,17/04/2018 11:40,25,37,24.52,,
-27841,17/04/2018 11:40,25,37,24.52,,
-27840,17/04/2018 11:40,25,37,24.52,,
-27839,17/04/2018 11:40,25,37,24.52,,
-27838,17/04/2018 11:40,25,37,24.52,,
-27837,17/04/2018 11:40,25,37,24.52,,
-27836,17/04/2018 11:40,25,37,24.52,,
-27835,17/04/2018 11:40,25,37,24.52,,
-27834,17/04/2018 11:40,25,37,24.52,,
-27833,17/04/2018 11:40,25,37,24.52,,
-27832,17/04/2018 11:40,25,37,24.52,,
-27831,17/04/2018 11:40,25,37,24.52,,
-27830,17/04/2018 11:40,25,37,24.52,,
-27829,17/04/2018 11:40,25,37,24.52,,
-27828,17/04/2018 11:40,25,37,24.52,,
-27827,17/04/2018 11:40,25,37,24.52,,
-27826,17/04/2018 11:41,25,37,24.52,,
-27825,17/04/2018 11:41,25,37,24.52,,
-27824,17/04/2018 11:41,25,37,24.52,,
-27823,17/04/2018 11:41,25,37,24.52,,
-27822,17/04/2018 11:41,25,37,24.52,,
-27821,17/04/2018 11:41,25,37,24.52,,
-27820,17/04/2018 11:41,25,37,24.52,,
-27819,17/04/2018 11:41,25,37,24.52,,
-27818,17/04/2018 11:41,25,37,24.52,,
-27817,17/04/2018 11:41,25,37,24.52,,
-27816,17/04/2018 11:41,25,37,24.52,,
-27815,17/04/2018 11:41,25,37,24.52,,
-27814,17/04/2018 11:41,25,37,24.52,,
-27813,17/04/2018 11:41,25,37,24.52,,
-27812,17/04/2018 11:41,25,37,24.52,,
-27811,17/04/2018 11:41,25,37,24.52,,
-27810,17/04/2018 11:41,25,37,24.52,,
-27809,17/04/2018 11:41,25,37,24.52,,
-27808,17/04/2018 11:41,25,37,24.52,,
-27807,17/04/2018 11:41,25,37,24.52,,
-27806,17/04/2018 11:41,25,37,24.52,,
-27805,17/04/2018 11:41,25,37,24.52,,
-27804,17/04/2018 11:41,25,37,24.52,,
-27803,17/04/2018 11:41,25,37,24.52,,
-27802,17/04/2018 11:41,25,37,24.52,,
-27801,17/04/2018 11:41,25,37,24.52,,
-27800,17/04/2018 11:41,25,37,24.52,,
-27799,17/04/2018 11:41,25,37,24.52,,
-27798,17/04/2018 11:41,25,37,24.52,,
-27797,17/04/2018 11:41,25,37,24.52,,
-27796,17/04/2018 11:41,25,37,24.52,,
-27795,17/04/2018 11:42,25,37,24.52,,
-27794,17/04/2018 11:42,25,37,24.52,,
-27793,17/04/2018 11:42,25,37,24.52,,
-27792,17/04/2018 11:42,25,37,24.52,,
-27791,17/04/2018 11:42,25,37,24.52,,
-27790,17/04/2018 11:42,25,37,24.52,,
-27789,17/04/2018 11:42,25,37,24.52,,
-27788,17/04/2018 11:42,25,37,24.52,,
-27787,17/04/2018 11:42,25,37,24.52,,
-27786,17/04/2018 11:42,25,37,24.52,,
-27785,17/04/2018 11:42,25,37,24.52,,
-27784,17/04/2018 11:42,25,37,24.52,,
-27783,17/04/2018 11:42,25,37,24.52,,
-27782,17/04/2018 11:42,25,37,24.52,,
-27781,17/04/2018 11:42,25,37,24.52,,
-27780,17/04/2018 11:42,25,37,24.52,,
-27779,17/04/2018 11:42,25,37,24.52,,
-27778,17/04/2018 11:42,25,37,24.52,,
-27777,17/04/2018 11:42,25,37,24.52,,
-27776,17/04/2018 11:42,25,37,24.52,,
-27775,17/04/2018 11:42,25,37,24.52,,
-27774,17/04/2018 11:42,25,37,24.52,,
-27773,17/04/2018 11:42,25,37,24.52,,
-27772,17/04/2018 11:42,25,37,24.52,,
-27771,17/04/2018 11:42,25,37,24.52,,
-27770,17/04/2018 11:42,25,37,24.52,,
-27769,17/04/2018 11:42,25,37,24.52,,
-27768,17/04/2018 11:42,25,37,24.52,,
-27767,17/04/2018 11:42,25,37,24.52,,
-27766,17/04/2018 11:42,25,37,24.52,,
-27765,17/04/2018 11:43,25,37,24.52,,
-27764,17/04/2018 11:43,25,37,24.52,,
-27763,17/04/2018 11:43,25,37,24.52,,
-27762,17/04/2018 11:43,25,37,24.52,,
-27761,17/04/2018 11:43,25,37,24.52,,
-27760,17/04/2018 11:43,25,37,24.52,,
-27759,17/04/2018 11:43,25,37,24.52,,
-27758,17/04/2018 11:43,25,37,24.52,,
-27757,17/04/2018 11:43,25,37,24.52,,
-27756,17/04/2018 11:43,25,37,24.52,,
-27755,17/04/2018 11:43,25,37,24.52,,
-27754,17/04/2018 11:43,25,37,24.52,,
-27753,17/04/2018 11:43,25,37,24.52,,
-27752,17/04/2018 11:43,25,37,24.52,,
-27751,17/04/2018 11:43,25,37,24.52,,
-27750,17/04/2018 11:43,25,37,24.52,,
-27749,17/04/2018 11:43,25,37,24.52,,
-27748,17/04/2018 11:43,25,37,24.52,,
-27747,17/04/2018 11:43,25,37,24.52,,
-27746,17/04/2018 11:43,25,37,24.52,,
-27745,17/04/2018 11:43,25,37,24.52,,
-27744,17/04/2018 11:43,25,37,24.52,,
-27743,17/04/2018 11:43,25,37,24.52,,
-27742,17/04/2018 11:43,25,37,24.52,,
-27741,17/04/2018 11:43,25,37,24.52,,
-27740,17/04/2018 11:43,25,37,24.52,,
-27739,17/04/2018 11:43,25,37,24.52,,
-27738,17/04/2018 11:43,25,37,24.52,,
-27737,17/04/2018 11:43,25,37,24.52,,
-27736,17/04/2018 11:43,25,37,24.52,,
-27735,17/04/2018 11:44,25,37,24.52,,
-27734,17/04/2018 11:44,25,37,24.52,,
-27733,17/04/2018 11:44,25,37,24.52,,
-27732,17/04/2018 11:44,25,37,24.52,,
-27731,17/04/2018 11:44,25,37,24.52,,
-27730,17/04/2018 11:44,25,37,24.52,,
-27729,17/04/2018 11:44,25,37,24.52,,
-27728,17/04/2018 11:44,25,37,24.52,,
-27727,17/04/2018 11:44,25,37,24.52,,
-27726,17/04/2018 11:44,25,37,24.52,,
-27725,17/04/2018 11:44,25,37,24.52,,
-27724,17/04/2018 11:44,25,37,24.52,,
-27723,17/04/2018 11:44,25,37,24.52,,
-27722,17/04/2018 11:44,25,37,24.52,,
-27721,17/04/2018 11:44,25,37,24.52,,
-27720,17/04/2018 11:44,25,37,24.52,,
-27719,17/04/2018 11:44,25,37,24.52,,
-27718,17/04/2018 11:44,25,37,24.52,,
-27717,17/04/2018 11:44,25,37,24.52,,
-27716,17/04/2018 11:44,25,37,24.52,,
-27715,17/04/2018 11:44,25,37,24.52,,
-27714,17/04/2018 11:44,25,37,24.52,,
-27713,17/04/2018 11:44,25,37,24.52,,
-27712,17/04/2018 11:44,25,37,24.52,,
-27711,17/04/2018 11:44,25,37,24.52,,
-27710,17/04/2018 11:44,25,37,24.52,,
-27709,17/04/2018 11:44,25,37,24.52,,
-27708,17/04/2018 11:44,25,37,24.52,,
-27707,17/04/2018 11:44,25,37,24.52,,
-27706,17/04/2018 11:44,25,37,24.52,,
-27705,17/04/2018 11:45,25,37,24.52,,
-27704,17/04/2018 11:45,25,37,24.52,,
-27703,17/04/2018 11:45,25,37,24.52,,
-27702,17/04/2018 11:45,25,37,24.52,,
-27701,17/04/2018 11:45,25,37,24.52,,
-27700,17/04/2018 11:45,25,37,24.52,,
-27699,17/04/2018 11:45,25,37,24.52,,
-27698,17/04/2018 11:45,25,37,24.52,,
-27697,17/04/2018 11:45,25,37,24.52,,
-27696,17/04/2018 11:45,25,37,24.52,,
-27695,17/04/2018 11:45,25,37,24.52,,
-27694,17/04/2018 11:45,25,37,24.52,,
-27693,17/04/2018 11:45,25,37,24.52,,
-27692,17/04/2018 11:45,25,37,24.52,,
-27691,17/04/2018 11:45,25,37,24.52,,
-27690,17/04/2018 11:45,25,37,24.52,,
-27689,17/04/2018 11:45,25,37,24.52,,
-27688,17/04/2018 11:45,25,37,24.52,,
-27687,17/04/2018 11:45,25,37,24.52,,
-27686,17/04/2018 11:45,25,37,24.52,,
-27685,17/04/2018 11:45,25,37,24.52,,
-27684,17/04/2018 11:45,25,37,24.52,,
-27683,17/04/2018 11:45,25,37,24.52,,
-27682,17/04/2018 11:45,25,37,24.52,,
-27681,17/04/2018 11:45,25,37,24.52,,
-27680,17/04/2018 11:45,25,37,24.52,,
-27679,17/04/2018 11:45,25,37,24.52,,
-27678,17/04/2018 11:45,25,37,24.52,,
-27677,17/04/2018 11:45,25,37,24.52,,
-27676,17/04/2018 11:45,25,37,24.52,,
-27675,17/04/2018 11:46,25,37,24.52,,
-27674,17/04/2018 11:46,25,37,24.52,,
-27673,17/04/2018 11:46,25,37,24.52,,
-27672,17/04/2018 11:46,25,37,24.52,,
-27671,17/04/2018 11:46,25,37,24.52,,
-27670,17/04/2018 11:46,25,37,24.52,,
-27669,17/04/2018 11:46,25,37,24.52,,
-27668,17/04/2018 11:46,25,37,24.52,,
-27667,17/04/2018 11:46,25,37,24.52,,
-27666,17/04/2018 11:46,25,37,24.52,,
-27665,17/04/2018 11:46,25,37,24.52,,
-27664,17/04/2018 11:46,25,37,24.52,,
-27663,17/04/2018 11:46,25,37,24.52,,
-27662,17/04/2018 11:46,25,37,24.52,,
-27661,17/04/2018 11:46,25,37,24.52,,
-27660,17/04/2018 11:46,25,37,24.52,,
-27659,17/04/2018 11:46,25,37,24.52,,
-27658,17/04/2018 11:46,25,37,24.52,,
-27657,17/04/2018 11:46,25,37,24.52,,
-27656,17/04/2018 11:46,25,37,24.52,,
-27655,17/04/2018 11:46,25,37,24.52,,
-27654,17/04/2018 11:46,25,37,24.52,,
-27653,17/04/2018 11:46,25,37,24.52,,
-27652,17/04/2018 11:46,25,37,24.52,,
-27651,17/04/2018 11:46,25,37,24.52,,
-27650,17/04/2018 11:46,25,37,24.52,,
-27649,17/04/2018 11:46,25,37,24.52,,
-27648,17/04/2018 11:46,25,37,24.52,,
-27647,17/04/2018 11:46,25,37,24.52,,
-27646,17/04/2018 11:46,25,37,24.52,,
-27645,17/04/2018 11:46,25,37,24.52,,
-27644,17/04/2018 11:47,25,37,24.52,,
-27643,17/04/2018 11:47,25,37,24.52,,
-27642,17/04/2018 11:47,25,37,24.52,,
-27641,17/04/2018 11:47,25,37,24.52,,
-27640,17/04/2018 11:47,25,37,24.52,,
-27639,17/04/2018 11:47,25,37,24.52,,
-27638,17/04/2018 11:47,25,37,24.52,,
-27637,17/04/2018 11:47,25,37,24.52,,
-27636,17/04/2018 11:47,25,37,24.52,,
-27635,17/04/2018 11:47,25,37,24.52,,
-27634,17/04/2018 11:47,25,37,24.52,,
-27633,17/04/2018 11:47,25,37,24.52,,
-27632,17/04/2018 11:47,25,37,24.52,,
-27631,17/04/2018 11:47,25,37,24.52,,
-27630,17/04/2018 11:47,25,37,24.52,,
-27629,17/04/2018 11:47,25,37,24.52,,
-27628,17/04/2018 11:47,25,37,24.52,,
-27627,17/04/2018 11:47,25,37,24.52,,
-27626,17/04/2018 11:47,25,37,24.52,,
-27625,17/04/2018 11:47,25,37,24.52,,
-27624,17/04/2018 11:47,25,37,24.52,,
-27623,17/04/2018 11:47,25,37,24.52,,
-27622,17/04/2018 11:47,25,37,24.52,,
-27621,17/04/2018 11:47,25,37,24.52,,
-27620,17/04/2018 11:47,25,37,24.52,,
-27619,17/04/2018 11:47,25,37,24.52,,
-27618,17/04/2018 11:47,25,37,24.52,,
-27617,17/04/2018 11:47,25,37,24.52,,
-27616,17/04/2018 11:47,25,37,24.52,,
-27615,17/04/2018 11:47,25,37,24.52,,
-27614,17/04/2018 11:48,25,37,24.52,,
-27613,17/04/2018 11:48,25,37,24.52,,
-27612,17/04/2018 11:48,25,37,24.52,,
-27611,17/04/2018 11:48,25,37,24.52,,
-27610,17/04/2018 11:48,25,37,24.52,,
-27609,17/04/2018 11:48,25,37,24.52,,
-27608,17/04/2018 11:48,25,37,24.52,,
-27607,17/04/2018 11:48,25,37,24.52,,
-27606,17/04/2018 11:48,25,37,24.52,,
-27605,17/04/2018 11:48,25,37,24.52,,
-27604,17/04/2018 11:48,25,37,24.52,,
-27603,17/04/2018 11:48,25,37,24.52,,
-27602,17/04/2018 11:48,25,37,24.52,,
-27601,17/04/2018 11:48,25,37,24.52,,
-27600,17/04/2018 11:48,25,37,24.52,,
-27599,17/04/2018 11:48,25,37,24.52,,
-27598,17/04/2018 11:48,25,37,24.52,,
-27597,17/04/2018 11:48,25,37,24.52,,
-27596,17/04/2018 11:48,25,37,24.52,,
-27595,17/04/2018 11:48,25,37,24.52,,
-27594,17/04/2018 11:48,25,37,24.52,,
-27593,17/04/2018 11:48,25,37,24.52,,
-27592,17/04/2018 11:48,25,37,24.52,,
-27591,17/04/2018 11:48,25,37,24.52,,
-27590,17/04/2018 11:48,25,37,24.52,,
-27589,17/04/2018 11:48,25,37,24.52,,
-27588,17/04/2018 11:48,25,37,24.52,,
-27587,17/04/2018 11:48,25,37,24.52,,
-27586,17/04/2018 11:48,25,37,24.52,,
-27585,17/04/2018 11:48,25,37,24.52,,
-27584,17/04/2018 11:49,25,37,24.52,,
-27583,17/04/2018 11:49,25,37,24.52,,
-27582,17/04/2018 11:49,25,37,24.52,,
-27581,17/04/2018 11:49,25,37,24.52,,
-27580,17/04/2018 11:49,25,37,24.52,,
-27579,17/04/2018 11:49,25,37,24.52,,
-27578,17/04/2018 11:49,25,37,24.52,,
-27577,17/04/2018 11:49,25,37,24.52,,
-27576,17/04/2018 11:49,25,37,24.52,,
-27575,17/04/2018 11:49,25,37,24.52,,
-27574,17/04/2018 11:49,25,37,24.52,,
-27573,17/04/2018 11:49,25,37,24.52,,
-27572,17/04/2018 11:49,25,37,24.52,,
-27571,17/04/2018 11:49,25,37,24.52,,
-27570,17/04/2018 11:49,25,37,24.52,,
-27569,17/04/2018 11:49,25,37,24.52,,
-27568,17/04/2018 11:49,25,37,24.52,,
-27567,17/04/2018 11:49,25,37,24.52,,
-27566,17/04/2018 11:49,25,37,24.52,,
-27565,17/04/2018 11:49,25,37,24.52,,
-27564,17/04/2018 11:49,25,37,24.52,,
-27563,17/04/2018 11:49,25,37,24.52,,
-27562,17/04/2018 11:49,25,37,24.52,,
-27561,17/04/2018 11:49,25,37,24.52,,
-27560,17/04/2018 11:49,25,37,24.52,,
-27559,17/04/2018 11:49,25,37,24.52,,
-27558,17/04/2018 11:49,25,37,24.52,,
-27557,17/04/2018 11:49,25,37,24.52,,
-27556,17/04/2018 11:49,25,37,24.52,,
-27555,17/04/2018 11:49,25,37,24.52,,
-27554,17/04/2018 11:50,25,37,24.52,,
-27553,17/04/2018 11:50,25,37,24.52,,
-27552,17/04/2018 11:50,25,37,24.52,,
-27551,17/04/2018 11:50,25,37,24.52,,
-27550,17/04/2018 11:50,25,37,24.52,,
-27549,17/04/2018 11:50,25,37,24.52,,
-27548,17/04/2018 11:50,25,37,24.52,,
-27547,17/04/2018 11:50,25,37,24.52,,
-27546,17/04/2018 11:50,25,37,24.52,,
-27545,17/04/2018 11:50,25,37,24.52,,
-27544,17/04/2018 11:50,25,37,24.52,,
-27543,17/04/2018 11:50,25,37,24.52,,
-27542,17/04/2018 11:50,25,37,24.52,,
-27541,17/04/2018 11:50,25,37,24.52,,
-27540,17/04/2018 11:50,25,37,24.52,,
-27539,17/04/2018 11:50,25,37,24.52,,
-27538,17/04/2018 11:50,25,37,24.52,,
-27537,17/04/2018 11:50,25,37,24.52,,
-27536,17/04/2018 11:50,25,37,24.52,,
-27535,17/04/2018 11:50,25,37,24.52,,
-27534,17/04/2018 11:50,25,37,24.52,,
-27533,17/04/2018 11:50,25,37,24.52,,
-27532,17/04/2018 11:50,25,37,24.52,,
-27531,17/04/2018 11:50,25,37,24.52,,
-27530,17/04/2018 11:50,25,37,24.52,,
-27529,17/04/2018 11:50,25,37,24.52,,
-27528,17/04/2018 11:50,25,37,24.52,,
-27527,17/04/2018 11:50,25,37,24.52,,
-27526,17/04/2018 11:50,25,37,24.52,,
-27525,17/04/2018 11:50,25,37,24.52,,
-27524,17/04/2018 11:51,25,37,24.52,,
-27523,17/04/2018 11:51,25,37,24.52,,
-27522,17/04/2018 11:51,25,37,24.52,,
-27521,17/04/2018 11:51,25,37,24.52,,
-27520,17/04/2018 11:51,25,37,24.52,,
-27519,17/04/2018 11:51,25,37,24.52,,
-27518,17/04/2018 11:51,25,37,24.52,,
-27517,17/04/2018 11:51,25,37,24.52,,
-27516,17/04/2018 11:51,25,37,24.52,,
-27515,17/04/2018 11:51,25,37,24.52,,
-27514,17/04/2018 11:51,25,37,24.52,,
-27513,17/04/2018 11:51,25,37,24.52,,
-27512,17/04/2018 11:51,25,37,24.52,,
-27511,17/04/2018 11:51,25,37,24.52,,
-27510,17/04/2018 11:51,25,37,24.52,,
-27509,17/04/2018 11:51,25,37,24.52,,
-27508,17/04/2018 11:51,25,37,24.52,,
-27507,17/04/2018 11:51,25,37,24.52,,
-27506,17/04/2018 11:51,25,37,24.52,,
-27505,17/04/2018 11:51,25,37,24.52,,
-27504,17/04/2018 11:51,25,37,24.52,,
-27503,17/04/2018 11:51,25,37,24.52,,
-27502,17/04/2018 11:51,25,37,24.52,,
-27501,17/04/2018 11:51,25,37,24.52,,
-27500,17/04/2018 11:51,25,37,24.52,,
-27499,17/04/2018 11:51,25,37,24.52,,
-27498,17/04/2018 11:51,25,37,24.52,,
-27497,17/04/2018 11:51,25,37,24.52,,
-27496,17/04/2018 11:51,25,37,24.52,,
-27495,17/04/2018 11:51,25,37,24.52,,
-27494,17/04/2018 11:51,25,37,24.52,,
-27493,17/04/2018 11:52,25,37,24.52,,
-27492,17/04/2018 11:52,25,37,24.52,,
-27491,17/04/2018 11:52,25,37,24.52,,
-27490,17/04/2018 11:52,25,37,24.52,,
-27489,17/04/2018 11:52,25,37,24.52,,
-27488,17/04/2018 11:52,25,37,24.52,,
-27487,17/04/2018 11:52,25,37,24.52,,
-27486,17/04/2018 11:52,25,37,24.52,,
-27485,17/04/2018 11:52,25,37,24.52,,
-27484,17/04/2018 11:52,25,37,24.52,,
-27483,17/04/2018 11:52,25,37,24.52,,
-27482,17/04/2018 11:52,25,37,24.52,,
-27481,17/04/2018 11:52,25,37,24.52,,
-27480,17/04/2018 11:52,25,37,24.52,,
-27479,17/04/2018 11:52,25,37,24.52,,
-27478,17/04/2018 11:52,25,37,24.52,,
-27477,17/04/2018 11:52,25,37,24.52,,
-27476,17/04/2018 11:52,25,37,24.52,,
-27475,17/04/2018 11:52,25,37,24.52,,
-27474,17/04/2018 11:52,25,37,24.52,,
-27473,17/04/2018 11:52,25,37,24.52,,
-27472,17/04/2018 11:52,25,37,24.52,,
-27471,17/04/2018 11:52,25,37,24.52,,
-27470,17/04/2018 11:52,25,37,24.52,,
-27469,17/04/2018 11:52,25,37,24.52,,
-27468,17/04/2018 11:52,25,37,24.52,,
-27467,17/04/2018 11:52,25,37,24.52,,
-27466,17/04/2018 11:52,25,37,24.52,,
-27465,17/04/2018 11:52,25,37,24.52,,
-27464,17/04/2018 11:52,25,37,24.52,,
-27463,17/04/2018 11:53,25,37,24.52,,
-27462,17/04/2018 11:53,25,37,24.52,,
-27461,17/04/2018 11:53,25,37,24.52,,
-27460,17/04/2018 11:53,25,37,24.52,,
-27459,17/04/2018 11:53,25,37,24.52,,
-27458,17/04/2018 11:53,25,37,24.52,,
-27457,17/04/2018 11:53,25,37,24.52,,
-27456,17/04/2018 11:53,25,37,24.52,,
-27455,17/04/2018 11:53,25,37,24.52,,
-27454,17/04/2018 11:53,25,37,24.52,,
-27453,17/04/2018 11:53,25,37,24.52,,
-27452,17/04/2018 11:53,25,37,24.52,,
-27451,17/04/2018 11:53,25,37,24.52,,
-27450,17/04/2018 11:53,25,37,24.52,,
-27449,17/04/2018 11:53,25,37,24.52,,
-27448,17/04/2018 11:53,25,37,24.52,,
-27447,17/04/2018 11:53,25,37,24.52,,
-27446,17/04/2018 11:53,25,37,24.52,,
-27445,17/04/2018 11:53,25,37,24.52,,
-27444,17/04/2018 11:53,25,37,24.52,,
-27443,17/04/2018 11:53,25,37,24.52,,
-27442,17/04/2018 11:53,25,37,24.52,,
-27441,17/04/2018 11:53,25,37,24.52,,
-27440,17/04/2018 11:53,25,37,24.52,,
-27439,17/04/2018 11:53,25,37,24.52,,
-27438,17/04/2018 11:53,25,37,24.52,,
-27437,17/04/2018 11:53,25,37,24.52,,
-27436,17/04/2018 11:53,25,37,24.52,,
-27435,17/04/2018 11:53,25,37,24.52,,
-27434,17/04/2018 11:53,25,37,24.52,,
-27433,17/04/2018 11:54,25,37,24.52,,
-27432,17/04/2018 11:54,25,37,24.52,,
-27431,17/04/2018 11:54,25,37,24.52,,
-27430,17/04/2018 11:54,25,37,24.52,,
-27429,17/04/2018 11:54,25,37,24.52,,
-27428,17/04/2018 11:54,25,37,24.52,,
-27427,17/04/2018 11:54,25,37,24.52,,
-27426,17/04/2018 11:54,25,37,24.52,,
-27425,17/04/2018 11:54,25,37,24.52,,
-27424,17/04/2018 11:54,25,37,24.52,,
-27423,17/04/2018 11:54,25,37,24.52,,
-27422,17/04/2018 11:54,25,37,24.52,,
-27421,17/04/2018 11:54,25,37,24.52,,
-27420,17/04/2018 11:54,25,37,24.52,,
-27419,17/04/2018 11:54,25,37,24.52,,
-27418,17/04/2018 11:54,25,37,24.52,,
-27417,17/04/2018 11:54,25,37,24.52,,
-27416,17/04/2018 11:54,25,37,24.52,,
-27415,17/04/2018 11:54,25,37,24.52,,
-27414,17/04/2018 11:54,25,37,24.52,,
-27413,17/04/2018 11:54,25,37,24.52,,
-27412,17/04/2018 11:54,25,37,24.52,,
-27411,17/04/2018 11:54,25,37,24.52,,
-27410,17/04/2018 11:54,25,37,24.52,,
-27409,17/04/2018 11:54,25,37,24.52,,
-27408,17/04/2018 11:54,25,37,24.52,,
-27407,17/04/2018 11:54,25,37,24.52,,
-27406,17/04/2018 11:54,25,37,24.52,,
-27405,17/04/2018 11:54,25,37,24.52,,
-27404,17/04/2018 11:54,25,37,24.52,,
-27403,17/04/2018 11:55,25,37,24.52,,
-27402,17/04/2018 11:55,25,37,24.52,,
-27401,17/04/2018 11:55,25,37,24.52,,
-27400,17/04/2018 11:55,25,37,24.52,,
-27399,17/04/2018 11:55,25,37,24.52,,
-27398,17/04/2018 11:55,25,37,24.52,,
-27397,17/04/2018 11:55,25,37,24.52,,
-27396,17/04/2018 11:55,25,37,24.52,,
-27395,17/04/2018 11:55,25,37,24.52,,
-27394,17/04/2018 11:55,25,37,24.52,,
-27393,17/04/2018 11:55,25,37,24.52,,
-27392,17/04/2018 11:55,25,37,24.52,,
-27391,17/04/2018 11:55,25,37,24.52,,
-27390,17/04/2018 11:55,25,37,24.52,,
-27389,17/04/2018 11:55,25,37,24.52,,
-27388,17/04/2018 11:55,25,37,24.52,,
-27387,17/04/2018 11:55,25,37,24.52,,
-27386,17/04/2018 11:55,25,37,24.52,,
-27385,17/04/2018 11:55,25,37,24.52,,
-27384,17/04/2018 11:55,25,37,24.52,,
-27383,17/04/2018 11:55,25,37,24.52,,
-27382,17/04/2018 11:55,25,37,24.52,,
-27381,17/04/2018 11:55,25,37,24.52,,
-27380,17/04/2018 11:55,25,37,24.52,,
-27379,17/04/2018 11:55,25,37,24.52,,
-27378,17/04/2018 11:55,25,37,24.52,,
-27377,17/04/2018 11:55,25,37,24.52,,
-27376,17/04/2018 11:55,25,37,24.52,,
-27375,17/04/2018 11:55,25,37,24.52,,
-27374,17/04/2018 11:55,25,37,24.52,,
-27373,17/04/2018 11:56,25,37,24.52,,
-27372,17/04/2018 11:56,25,37,24.52,,
-27371,17/04/2018 11:56,25,37,24.52,,
-27370,17/04/2018 11:56,25,37,24.52,,
-27369,17/04/2018 11:56,25,37,24.52,,
-27368,17/04/2018 11:56,25,37,24.52,,
-27367,17/04/2018 11:56,25,37,24.52,,
-27366,17/04/2018 11:56,25,37,24.52,,
-27365,17/04/2018 11:56,25,37,24.52,,
-27364,17/04/2018 11:56,25,37,24.52,,
-27363,17/04/2018 11:56,25,37,24.52,,
-27362,17/04/2018 11:56,25,37,24.52,,
-27361,17/04/2018 11:56,25,37,24.52,,
-27360,17/04/2018 11:56,25,37,24.52,,
-27359,17/04/2018 11:56,25,37,24.52,,
-27358,17/04/2018 11:56,25,37,24.52,,
-27357,17/04/2018 11:56,25,37,24.52,,
-27356,17/04/2018 11:56,25,37,24.52,,
-27355,17/04/2018 11:56,25,37,24.52,,
-27354,17/04/2018 11:56,25,37,24.52,,
-27353,17/04/2018 11:56,25,37,24.52,,
-27352,17/04/2018 11:56,25,37,24.52,,
-27351,17/04/2018 11:56,25,37,24.52,,
-27350,17/04/2018 11:56,25,37,24.52,,
-27349,17/04/2018 11:56,25,37,24.52,,
-27348,17/04/2018 11:56,25,37,24.52,,
-27347,17/04/2018 11:56,25,37,24.52,,
-27346,17/04/2018 11:56,25,37,24.52,,
-27345,17/04/2018 11:56,25,37,24.52,,
-27344,17/04/2018 11:56,25,37,24.52,,
-27343,17/04/2018 11:57,25,37,24.52,,
-27342,17/04/2018 11:57,25,37,24.52,,
-27341,17/04/2018 11:57,25,37,24.52,,
-27340,17/04/2018 11:57,25,37,24.52,,
-27339,17/04/2018 11:57,25,37,24.52,,
-27338,17/04/2018 11:57,25,37,24.52,,
-27337,17/04/2018 11:57,25,37,24.52,,
-27336,17/04/2018 11:57,25,37,24.52,,
-27335,17/04/2018 11:57,25,37,24.52,,
-27334,17/04/2018 11:57,25,37,24.52,,
-27333,17/04/2018 11:57,25,37,24.52,,
-27332,17/04/2018 11:57,25,37,24.52,,
-27331,17/04/2018 11:57,25,37,24.52,,
-27330,17/04/2018 11:57,25,37,24.52,,
-27329,17/04/2018 11:57,25,37,24.52,,
-27328,17/04/2018 11:57,25,37,24.52,,
-27327,17/04/2018 11:57,25,37,24.52,,
-27326,17/04/2018 11:57,25,37,24.52,,
-27325,17/04/2018 11:57,25,37,24.52,,
-27324,17/04/2018 11:57,25,37,24.52,,
-27323,17/04/2018 11:57,25,37,24.52,,
-27322,17/04/2018 11:57,25,37,24.52,,
-27321,17/04/2018 11:57,25,37,24.52,,
-27320,17/04/2018 11:57,25,37,24.52,,
-27319,17/04/2018 11:57,25,37,24.52,,
-27318,17/04/2018 11:57,25,37,24.52,,
-27317,17/04/2018 11:57,25,37,24.52,,
-27316,17/04/2018 11:57,25,37,24.52,,
-27315,17/04/2018 11:57,25,37,24.52,,
-27314,17/04/2018 11:57,25,37,24.52,,
-27313,17/04/2018 11:57,25,37,24.52,,
-27312,17/04/2018 11:58,25,37,24.52,,
-27311,17/04/2018 11:58,25,37,24.52,,
-27310,17/04/2018 11:58,25,37,24.52,,
-27309,17/04/2018 11:58,25,37,24.52,,
-27308,17/04/2018 11:58,25,37,24.52,,
-27307,17/04/2018 11:58,25,37,24.52,,
-27306,17/04/2018 11:58,25,37,24.52,,
-27305,17/04/2018 11:58,25,37,24.52,,
-27304,17/04/2018 11:58,25,37,24.52,,
-27303,17/04/2018 11:58,25,37,24.52,,
-27302,17/04/2018 11:58,25,37,24.52,,
-27301,17/04/2018 11:58,25,37,24.52,,
-27300,17/04/2018 11:58,25,37,24.52,,
-27299,17/04/2018 11:58,25,37,24.52,,
-27298,17/04/2018 11:58,25,37,24.52,,
-27297,17/04/2018 11:58,25,37,24.52,,
-27296,17/04/2018 11:58,25,37,24.52,,
-27295,17/04/2018 11:58,25,37,24.52,,
-27294,17/04/2018 11:58,25,37,24.52,,
-27293,17/04/2018 11:58,25,37,24.52,,
-27292,17/04/2018 11:58,25,37,24.52,,
-27291,17/04/2018 11:58,25,37,24.52,,
-27290,17/04/2018 11:58,25,37,24.52,,
-27289,17/04/2018 11:58,25,37,24.52,,
-27288,17/04/2018 11:58,25,37,24.52,,
-27287,17/04/2018 11:58,25,37,24.52,,
-27286,17/04/2018 11:58,25,37,24.52,,
-27285,17/04/2018 11:58,25,37,24.52,,
-27284,17/04/2018 11:58,25,37,24.52,,
-27283,17/04/2018 11:58,25,37,24.52,,
-27282,17/04/2018 11:59,25,37,24.52,,
-27281,17/04/2018 11:59,25,37,24.52,,
-27280,17/04/2018 11:59,25,37,24.52,,
-27279,17/04/2018 11:59,25,37,24.52,,
-27278,17/04/2018 11:59,25,37,24.52,,
-27277,17/04/2018 11:59,25,37,24.52,,
-27276,17/04/2018 11:59,25,37,24.52,,
-27275,17/04/2018 11:59,25,37,24.52,,
-27274,17/04/2018 11:59,25,37,24.52,,
-27273,17/04/2018 11:59,25,37,24.52,,
-27272,17/04/2018 11:59,25,37,24.52,,
-27271,17/04/2018 11:59,25,37,24.52,,
-27270,17/04/2018 11:59,25,37,24.52,,
-27269,17/04/2018 11:59,25,37,24.52,,
-27268,17/04/2018 11:59,25,37,24.52,,
-27267,17/04/2018 11:59,25,37,24.52,,
-27266,17/04/2018 11:59,25,37,24.52,,
-27265,17/04/2018 11:59,25,37,24.52,,
-27264,17/04/2018 11:59,25,37,24.52,,
-27263,17/04/2018 11:59,25,37,24.52,,
-27262,17/04/2018 11:59,25,37,24.52,,
-27261,17/04/2018 11:59,25,37,24.52,,
-27260,17/04/2018 11:59,25,37,24.52,,
-27259,17/04/2018 11:59,25,37,24.52,,
-27258,17/04/2018 11:59,25,37,24.52,,
